n_estimators,max_depth,learning_rate,subsample,colsample_bytree,reg_alpha,reg_lambda,avg_logloss,avg_accuracy,prediction,up_prob,down_prob
200,7,0.05,0.8,0.7,0.0,1.0,0.7598500809483453,0.5357378569594364,UP,0.557336151599884,0.44266384840011597
100,7,0.05,0.8,0.7,0.0,1.0,0.7598500809483453,0.5357378569594364,UP,0.557336151599884,0.44266384840011597
300,7,0.05,0.8,0.7,0.0,1.0,0.7598500809483453,0.5357378569594364,UP,0.557336151599884,0.44266384840011597
200,7,0.05,0.6,1.0,0.0,1.0,0.7621465210267585,0.5281932074764304,UP,0.5417861342430115,0.4582138657569885
100,7,0.05,0.6,1.0,0.0,1.0,0.7621465210267585,0.5281932074764304,UP,0.5417861342430115,0.4582138657569885
300,7,0.05,0.6,1.0,0.0,1.0,0.7621465210267585,0.5281932074764304,UP,0.5417861342430115,0.4582138657569885
200,7,0.05,0.8,0.7,0.5,1.0,0.7626339582168785,0.5181481044899037,UP,0.5525556206703186,0.4474443793296814
100,7,0.05,0.8,0.7,0.5,1.0,0.7626339582168785,0.5181481044899037,UP,0.5525556206703186,0.4474443793296814
300,7,0.05,0.8,0.7,0.5,1.0,0.7626339582168785,0.5181481044899037,UP,0.5525556206703186,0.4474443793296814
300,7,0.05,0.6,1.0,0.5,1.0,0.7629215903068673,0.5309461799858716,UP,0.5407012104988098,0.4592987895011902
100,7,0.05,0.6,1.0,0.5,1.0,0.7629215903068673,0.5309461799858716,UP,0.5407012104988098,0.4592987895011902
200,7,0.05,0.6,1.0,0.5,1.0,0.7629215903068673,0.5309461799858716,UP,0.5407012104988098,0.4592987895011902
200,7,0.05,0.8,0.7,0.0,3.0,0.7630747322702002,0.5104426673949647,UP,0.5103240013122559,0.48967599868774414
100,7,0.05,0.8,0.7,0.0,3.0,0.7630747322702002,0.5104426673949647,UP,0.5103240013122559,0.48967599868774414
300,7,0.05,0.8,0.7,0.0,3.0,0.7630747322702002,0.5104426673949647,UP,0.5103240013122559,0.48967599868774414
300,7,0.03,0.8,0.7,0.0,1.0,0.7634321491501409,0.5271872542120297,UP,0.5426303148269653,0.45736968517303467
200,7,0.03,0.8,0.7,0.0,1.0,0.7634321491501409,0.5271872542120297,UP,0.5426303148269653,0.45736968517303467
100,7,0.03,0.8,0.7,0.0,1.0,0.7634321491501409,0.5271872542120297,UP,0.5426303148269653,0.45736968517303467
300,5,0.05,0.8,0.7,0.0,1.0,0.7635629925143356,0.5236901236524888,UP,0.5611542463302612,0.43884575366973877
200,5,0.05,0.8,0.7,0.0,1.0,0.7635629925143356,0.5236901236524888,UP,0.5611542463302612,0.43884575366973877
100,5,0.05,0.8,0.7,0.0,1.0,0.7635629925143356,0.5236901236524888,UP,0.5611542463302612,0.43884575366973877
300,7,0.05,0.8,0.7,0.5,3.0,0.7641647604599804,0.5341743005023708,UP,0.5203729867935181,0.47962701320648193
200,7,0.05,0.8,0.7,0.5,3.0,0.7641647604599804,0.5341743005023708,UP,0.5203729867935181,0.47962701320648193
100,7,0.05,0.8,0.7,0.5,3.0,0.7641647604599804,0.5341743005023708,UP,0.5203729867935181,0.47962701320648193
300,7,0.03,0.8,0.7,0.5,1.0,0.7661836258533198,0.5108631888415585,UP,0.5317066311836243,0.46829336881637573
100,7,0.03,0.8,0.7,0.5,1.0,0.7661836258533198,0.5108631888415585,UP,0.5317066311836243,0.46829336881637573
200,7,0.03,0.8,0.7,0.5,1.0,0.7661836258533198,0.5108631888415585,UP,0.5317066311836243,0.46829336881637573
100,7,0.05,0.6,0.7,0.0,1.0,0.7662055457719138,0.5248218210749396,UP,0.5755094885826111,0.4244905114173889
200,7,0.05,0.6,0.7,0.0,1.0,0.7662055457719138,0.5248218210749396,UP,0.5755094885826111,0.4244905114173889
300,7,0.05,0.6,0.7,0.0,1.0,0.7662055457719138,0.5248218210749396,UP,0.5755094885826111,0.4244905114173889
100,3,0.05,0.6,0.7,0.0,1.0,0.7668269731235954,0.5454490164442565,UP,0.5376367568969727,0.46236324310302734
300,3,0.05,0.6,0.7,0.0,1.0,0.7668269731235954,0.5454490164442565,UP,0.5376367568969727,0.46236324310302734
200,3,0.05,0.6,0.7,0.0,1.0,0.7668269731235954,0.5454490164442565,UP,0.5376367568969727,0.46236324310302734
300,5,0.03,0.6,1.0,0.0,1.0,0.7668880312288235,0.5327272119949746,UP,0.5329734683036804,0.4670265316963196
100,5,0.03,0.6,1.0,0.0,1.0,0.7668880312288235,0.5327272119949746,UP,0.5329734683036804,0.4670265316963196
200,5,0.03,0.6,1.0,0.0,1.0,0.7668880312288235,0.5327272119949746,UP,0.5329734683036804,0.4670265316963196
200,5,0.03,0.6,1.0,0.5,1.0,0.7668968229098514,0.5322221739831341,UP,0.5323208570480347,0.46767914295196533
100,5,0.03,0.6,1.0,0.5,1.0,0.7668968229098514,0.5322221739831341,UP,0.5323208570480347,0.46767914295196533
300,5,0.03,0.6,1.0,0.5,1.0,0.7668968229098514,0.5322221739831341,UP,0.5323208570480347,0.46767914295196533
100,5,0.05,0.8,0.7,0.0,3.0,0.7674860652423081,0.5103035242692535,UP,0.5324105620384216,0.46758943796157837
300,5,0.05,0.8,0.7,0.0,3.0,0.7674860652423081,0.5103035242692535,UP,0.5324105620384216,0.46758943796157837
200,5,0.05,0.8,0.7,0.0,3.0,0.7674860652423081,0.5103035242692535,UP,0.5324105620384216,0.46758943796157837
300,7,0.03,0.8,0.7,0.0,3.0,0.7674976731586131,0.5209876549442317,UP,0.5400861501693726,0.45991384983062744
200,7,0.03,0.8,0.7,0.0,3.0,0.7674976731586131,0.5209876549442317,UP,0.5400861501693726,0.45991384983062744
100,7,0.03,0.8,0.7,0.0,3.0,0.7674976731586131,0.5209876549442317,UP,0.5400861501693726,0.45991384983062744
100,7,0.05,0.6,0.7,0.0,3.0,0.7675765471376099,0.5357172431630348,UP,0.5759215354919434,0.42407846450805664
200,7,0.05,0.6,0.7,0.0,3.0,0.7675765471376099,0.5357172431630348,UP,0.5759215354919434,0.42407846450805664
300,7,0.05,0.6,0.7,0.0,3.0,0.7675765471376099,0.5357172431630348,UP,0.5759215354919434,0.42407846450805664
200,7,0.03,1.0,0.7,0.0,1.0,0.7676531066745769,0.5075989941813563,UP,0.5544335842132568,0.44556641578674316
300,7,0.03,1.0,0.7,0.0,1.0,0.7676531066745769,0.5075989941813563,UP,0.5544335842132568,0.44556641578674316
100,7,0.03,1.0,0.7,0.0,1.0,0.7676531066745769,0.5075989941813563,UP,0.5544335842132568,0.44556641578674316
100,7,0.03,0.6,0.7,0.5,1.0,0.7678906701941017,0.5308173437583612,UP,0.5397107005119324,0.4602892994880676
200,7,0.03,0.6,0.7,0.5,1.0,0.7678906701941017,0.5308173437583612,UP,0.5397107005119324,0.4602892994880676
300,7,0.03,0.6,0.7,0.5,1.0,0.7678906701941017,0.5308173437583612,UP,0.5397107005119324,0.4602892994880676
300,7,0.03,0.8,0.7,0.5,3.0,0.7681414325781454,0.5166948318435869,UP,0.5451214909553528,0.4548785090446472
100,7,0.03,0.8,0.7,0.5,3.0,0.7681414325781454,0.5166948318435869,UP,0.5451214909553528,0.4548785090446472
200,7,0.03,0.8,0.7,0.5,3.0,0.7681414325781454,0.5166948318435869,UP,0.5451214909553528,0.4548785090446472
200,7,0.03,0.6,0.7,0.0,1.0,0.7681563521493904,0.51997036409181,UP,0.5407252311706543,0.4592747688293457
100,7,0.03,0.6,0.7,0.0,1.0,0.7681563521493904,0.51997036409181,UP,0.5407252311706543,0.4592747688293457
300,7,0.03,0.6,0.7,0.0,1.0,0.7681563521493904,0.51997036409181,UP,0.5407252311706543,0.4592747688293457
300,7,0.03,1.0,1.0,0.0,1.0,0.7684293819287698,0.51598674793719,UP,0.5330306887626648,0.4669693112373352
200,7,0.03,1.0,1.0,0.0,1.0,0.7684293819287698,0.51598674793719,UP,0.5330306887626648,0.4669693112373352
100,7,0.03,1.0,1.0,0.0,1.0,0.7684293819287698,0.51598674793719,UP,0.5330306887626648,0.4669693112373352
100,3,0.05,0.6,0.7,0.5,1.0,0.7686736838207523,0.5393535168482868,UP,0.5372980833053589,0.4627019166946411
300,3,0.05,0.6,0.7,0.5,1.0,0.7686736838207523,0.5393535168482868,UP,0.5372980833053589,0.4627019166946411
200,3,0.05,0.6,0.7,0.5,1.0,0.7686736838207523,0.5393535168482868,UP,0.5372980833053589,0.4627019166946411
100,5,0.03,0.8,0.7,0.5,1.0,0.7687118565283234,0.5103499053111573,UP,0.5444219708442688,0.4555780291557312
300,5,0.03,0.8,0.7,0.5,1.0,0.7687118565283234,0.5103499053111573,UP,0.5444219708442688,0.4555780291557312
200,5,0.03,0.8,0.7,0.5,1.0,0.7687118565283234,0.5103499053111573,UP,0.5444219708442688,0.4555780291557312
200,3,0.05,0.6,1.0,0.0,1.0,0.7690545889865118,0.5357677469642188,UP,0.5338468551635742,0.4661531448364258
100,3,0.05,0.6,1.0,0.0,1.0,0.7690545889865118,0.5357677469642188,UP,0.5338468551635742,0.4661531448364258
300,3,0.05,0.6,1.0,0.0,1.0,0.7690545889865118,0.5357677469642188,UP,0.5338468551635742,0.4661531448364258
100,5,0.05,0.8,0.7,0.5,1.0,0.7691054173522476,0.5151797178080652,UP,0.5925929546356201,0.4074070453643799
300,5,0.05,0.8,0.7,0.5,1.0,0.7691054173522476,0.5151797178080652,UP,0.5925929546356201,0.4074070453643799
200,5,0.05,0.8,0.7,0.5,1.0,0.7691054173522476,0.5151797178080652,UP,0.5925929546356201,0.4074070453643799
300,7,0.05,1.0,0.7,0.0,1.0,0.7691054563537756,0.4946071489992128,UP,0.5397154688835144,0.4602845311164856
100,7,0.05,1.0,0.7,0.0,1.0,0.7691054563537756,0.4946071489992128,UP,0.5397154688835144,0.4602845311164856
200,7,0.05,1.0,0.7,0.0,1.0,0.7691054563537756,0.4946071489992128,UP,0.5397154688835144,0.4602845311164856
300,7,0.01,1.0,0.7,0.5,1.0,0.7691746963292915,0.4906029190481912,UP,0.543444037437439,0.45655596256256104
200,7,0.01,1.0,0.7,0.5,1.0,0.7691746963292915,0.4906029190481912,UP,0.543444037437439,0.45655596256256104
300,7,0.05,0.6,0.7,0.5,3.0,0.7692427486733275,0.5222688023905946,UP,0.5661099553108215,0.43389004468917847
200,7,0.05,0.6,0.7,0.5,3.0,0.7692427486733275,0.5222688023905946,UP,0.5661099553108215,0.43389004468917847
100,7,0.05,0.6,0.7,0.5,3.0,0.7692427486733275,0.5222688023905946,UP,0.5661099553108215,0.43389004468917847
100,5,0.05,0.8,0.7,0.5,3.0,0.7693279148753362,0.5007912879197095,UP,0.5617837309837341,0.43821626901626587
200,5,0.05,0.8,0.7,0.5,3.0,0.7693279148753362,0.5007912879197095,UP,0.5617837309837341,0.43821626901626587
300,5,0.05,0.8,0.7,0.5,3.0,0.7693279148753362,0.5007912879197095,UP,0.5617837309837341,0.43821626901626587
200,5,0.03,0.8,0.7,0.0,1.0,0.7693946528083961,0.5211041228939011,UP,0.5506780743598938,0.4493219256401062
300,5,0.03,0.8,0.7,0.0,1.0,0.7693946528083961,0.5211041228939011,UP,0.5506780743598938,0.4493219256401062
100,5,0.03,0.8,0.7,0.0,1.0,0.7693946528083961,0.5211041228939011,UP,0.5506780743598938,0.4493219256401062
200,7,0.03,0.6,0.7,0.5,3.0,0.7694419106981866,0.5246012534534419,UP,0.598098874092102,0.40190112590789795
100,7,0.03,0.6,0.7,0.5,3.0,0.7694419106981866,0.5246012534534419,UP,0.598098874092102,0.40190112590789795
300,7,0.03,0.6,0.7,0.5,3.0,0.7694419106981866,0.5246012534534419,UP,0.598098874092102,0.40190112590789795
200,3,0.03,1.0,0.7,0.5,1.0,0.769687347258035,0.524241542706233,UP,0.5372121334075928,0.4627878665924072
300,3,0.03,1.0,0.7,0.5,1.0,0.769687347258035,0.524241542706233,UP,0.5372121334075928,0.4627878665924072
100,3,0.03,1.0,0.7,0.5,1.0,0.769687347258035,0.524241542706233,UP,0.5372121334075928,0.4627878665924072
300,5,0.03,1.0,0.7,0.0,1.0,0.7697603825184898,0.510172626662103,UP,0.5672076940536499,0.4327923059463501
100,5,0.03,1.0,0.7,0.0,1.0,0.7697603825184898,0.510172626662103,UP,0.5672076940536499,0.4327923059463501
200,5,0.03,1.0,0.7,0.0,1.0,0.7697603825184898,0.510172626662103,UP,0.5672076940536499,0.4327923059463501
200,5,0.03,0.6,1.0,0.5,3.0,0.7697615755831322,0.5312017910612521,UP,0.530778706073761,0.469221293926239
300,5,0.03,0.6,1.0,0.5,3.0,0.7697615755831322,0.5312017910612521,UP,0.530778706073761,0.469221293926239
100,5,0.03,0.6,1.0,0.5,3.0,0.7697615755831322,0.5312017910612521,UP,0.530778706073761,0.469221293926239
200,3,0.05,0.8,0.7,0.5,3.0,0.7700302279783582,0.5281488878141669,UP,0.5472689867019653,0.45273101329803467
100,3,0.05,0.8,0.7,0.5,3.0,0.7700302279783582,0.5281488878141669,UP,0.5472689867019653,0.45273101329803467
300,3,0.05,0.8,0.7,0.5,3.0,0.7700302279783582,0.5281488878141669,UP,0.5472689867019653,0.45273101329803467
100,7,0.01,0.6,0.7,0.0,1.0,0.7705109966252434,0.5073165851706536,UP,0.5267690420150757,0.4732309579849243
300,7,0.01,0.6,0.7,0.0,1.0,0.7705109966252434,0.5073165851706536,UP,0.5267690420150757,0.4732309579849243
200,7,0.01,0.6,0.7,0.0,1.0,0.7705109966252434,0.5073165851706536,UP,0.5267690420150757,0.4732309579849243
200,7,0.03,0.6,0.7,0.0,3.0,0.7705865816371983,0.5131286450661005,UP,0.6031963229179382,0.39680367708206177
100,7,0.03,0.6,0.7,0.0,3.0,0.7705865816371983,0.5131286450661005,UP,0.6031963229179382,0.39680367708206177
300,7,0.03,0.6,0.7,0.0,3.0,0.7705865816371983,0.5131286450661005,UP,0.6031963229179382,0.39680367708206177
300,7,0.05,0.6,0.7,0.5,1.0,0.770669438574687,0.5153920399110022,UP,0.5735583901405334,0.42644160985946655
200,7,0.05,0.6,0.7,0.5,1.0,0.770669438574687,0.5153920399110022,UP,0.5735583901405334,0.42644160985946655
100,7,0.05,0.6,0.7,0.5,1.0,0.770669438574687,0.5153920399110022,UP,0.5735583901405334,0.42644160985946655
200,5,0.03,0.6,1.0,0.0,3.0,0.7707716168882481,0.528662171344568,UP,0.5310075879096985,0.4689924120903015
300,5,0.03,0.6,1.0,0.0,3.0,0.7707716168882481,0.528662171344568,UP,0.5310075879096985,0.4689924120903015
100,5,0.03,0.6,1.0,0.0,3.0,0.7707716168882481,0.528662171344568,UP,0.5310075879096985,0.4689924120903015
200,5,0.03,0.8,0.7,0.0,3.0,0.7708054904418483,0.5224419582803685,UP,0.5442291498184204,0.4557708501815796
100,5,0.03,0.8,0.7,0.0,3.0,0.7708054904418483,0.5224419582803685,UP,0.5442291498184204,0.4557708501815796
300,5,0.03,0.8,0.7,0.0,3.0,0.7708054904418483,0.5224419582803685,UP,0.5442291498184204,0.4557708501815796
200,3,0.01,0.6,0.7,0.0,1.0,0.7708381423456787,0.5154590347493075,UP,0.5232983827590942,0.47670161724090576
300,3,0.01,0.6,0.7,0.0,1.0,0.7708381423456787,0.5154590347493075,UP,0.5232983827590942,0.47670161724090576
300,7,0.01,0.8,0.7,0.0,1.0,0.7708891145557671,0.4977084946678419,UP,0.5354466438293457,0.4645533561706543
200,7,0.01,0.8,0.7,0.0,1.0,0.7708891145557671,0.4977084946678419,UP,0.5354466438293457,0.4645533561706543
300,7,0.01,1.0,1.0,0.0,1.0,0.7710644273605259,0.4931487229037957,UP,0.52415931224823,0.47584068775177
200,7,0.01,1.0,1.0,0.0,1.0,0.7710644273605259,0.4931487229037957,UP,0.52415931224823,0.47584068775177
300,7,0.01,1.0,0.7,0.0,1.0,0.7710689776260162,0.49060910318711165,UP,0.5431879758834839,0.4568120241165161
200,7,0.01,1.0,0.7,0.0,1.0,0.7710689776260162,0.49060910318711165,UP,0.5431879758834839,0.4568120241165161
200,3,0.01,0.6,1.0,0.0,1.0,0.7711254257225801,0.5078422369788959,UP,0.522546648979187,0.477453351020813
100,3,0.01,0.6,1.0,0.0,1.0,0.7711254257225801,0.5078422369788959,UP,0.522546648979187,0.477453351020813
300,3,0.01,0.6,1.0,0.0,1.0,0.7711254257225801,0.5078422369788959,UP,0.522546648979187,0.477453351020813
100,7,0.01,0.8,0.7,0.0,1.0,0.7711906526093556,0.49872475483044354,UP,0.5354466438293457,0.4645533561706543
200,5,0.05,0.6,1.0,0.0,3.0,0.7711977191465154,0.5210556804723572,UP,0.5385173559188843,0.4614826440811157
100,5,0.05,0.6,1.0,0.0,3.0,0.7711977191465154,0.5210556804723572,UP,0.5385173559188843,0.4614826440811157
300,5,0.05,0.6,1.0,0.0,3.0,0.7711977191465154,0.5210556804723572,UP,0.5385173559188843,0.4614826440811157
300,3,0.01,0.6,0.7,0.5,1.0,0.7712744082659801,0.4971642904428382,UP,0.5232309699058533,0.47676903009414673
200,3,0.01,0.6,0.7,0.5,1.0,0.7712744082659801,0.4971642904428382,UP,0.5232309699058533,0.47676903009414673
100,3,0.01,0.6,0.7,0.5,1.0,0.7712744082659801,0.4971642904428382,UP,0.5232309699058533,0.47676903009414673
200,5,0.03,1.0,0.7,0.5,1.0,0.7713019820525874,0.5081823646195232,UP,0.5416626930236816,0.45833730697631836
100,5,0.03,1.0,0.7,0.5,1.0,0.7713019820525874,0.5081823646195232,UP,0.5416626930236816,0.45833730697631836
300,5,0.03,1.0,0.7,0.5,1.0,0.7713019820525874,0.5081823646195232,UP,0.5416626930236816,0.45833730697631836
200,7,0.03,1.0,1.0,0.0,3.0,0.7713464744775869,0.49924834525904555,UP,0.5321217775344849,0.46787822246551514
300,7,0.03,1.0,1.0,0.0,3.0,0.7713464744775869,0.49924834525904555,UP,0.5321217775344849,0.46787822246551514
100,7,0.03,1.0,1.0,0.0,3.0,0.7713464744775869,0.49924834525904555,UP,0.5321217775344849,0.46787822246551514
200,7,0.03,0.8,1.0,0.0,1.0,0.771420836231747,0.5067558899085285,UP,0.5184588432312012,0.48154115676879883
300,7,0.03,0.8,1.0,0.0,1.0,0.771420836231747,0.5067558899085285,UP,0.5184588432312012,0.48154115676879883
100,7,0.03,0.8,1.0,0.0,1.0,0.771420836231747,0.5067558899085285,UP,0.5184588432312012,0.48154115676879883
100,3,0.01,0.6,0.7,0.0,1.0,0.7714473338383825,0.5093614737736978,UP,0.5232983827590942,0.47670161724090576
300,5,0.05,0.6,1.0,0.0,1.0,0.7716945205644978,0.5184872014407109,UP,0.5417861342430115,0.4582138657569885
100,5,0.05,0.6,1.0,0.0,1.0,0.7716945205644978,0.5184872014407109,UP,0.5417861342430115,0.4582138657569885
200,5,0.05,0.6,1.0,0.0,1.0,0.7716945205644978,0.5184872014407109,UP,0.5417861342430115,0.4582138657569885
300,5,0.01,1.0,0.7,0.0,3.0,0.7717225252768426,0.4931466615241555,UP,0.5358778834342957,0.46412211656570435
200,5,0.01,1.0,0.7,0.0,3.0,0.7717225252768426,0.4931466615241555,UP,0.5358778834342957,0.46412211656570435
200,5,0.01,1.0,1.0,0.0,1.0,0.771754097844652,0.5048264385653336,UP,0.5238471031188965,0.4761528968811035
300,5,0.01,1.0,1.0,0.0,1.0,0.771754097844652,0.5048264385653336,UP,0.5238471031188965,0.4761528968811035
300,3,0.05,0.8,0.7,0.0,3.0,0.7718126000485421,0.5215462888267165,UP,0.5469312071800232,0.4530687928199768
200,3,0.05,0.8,0.7,0.0,3.0,0.7718126000485421,0.5215462888267165,UP,0.5469312071800232,0.4530687928199768
100,3,0.05,0.8,0.7,0.0,3.0,0.7718126000485421,0.5215462888267165,UP,0.5469312071800232,0.4530687928199768
300,5,0.01,1.0,0.7,0.5,1.0,0.7718441311682408,0.4885724601026281,UP,0.5352592468261719,0.4647407531738281
200,5,0.01,1.0,0.7,0.5,1.0,0.7718441311682408,0.4885724601026281,UP,0.5352592468261719,0.4647407531738281
300,5,0.03,0.8,0.7,0.5,3.0,0.7721186420683297,0.5059931794416673,UP,0.5459036827087402,0.45409631729125977
200,5,0.03,0.8,0.7,0.5,3.0,0.7721186420683297,0.5059931794416673,UP,0.5459036827087402,0.45409631729125977
100,5,0.03,0.8,0.7,0.5,3.0,0.7721186420683297,0.5059931794416673,UP,0.5459036827087402,0.45409631729125977
200,7,0.01,0.6,0.7,0.5,1.0,0.7722056603065564,0.5129111695140629,UP,0.526429295539856,0.47357070446014404
300,7,0.01,0.6,0.7,0.5,1.0,0.7722056603065564,0.5129111695140629,UP,0.526429295539856,0.47357070446014404
100,7,0.01,0.6,0.7,0.5,1.0,0.7722056603065564,0.5129111695140629,UP,0.526429295539856,0.47357070446014404
200,7,0.01,0.8,0.7,0.0,3.0,0.7722415184683513,0.503797810124891,UP,0.5297790765762329,0.4702209234237671
300,7,0.01,0.8,0.7,0.0,3.0,0.7722415184683513,0.503797810124891,UP,0.5297790765762329,0.4702209234237671
100,5,0.01,1.0,1.0,0.0,1.0,0.7723435437732766,0.503810178402732,UP,0.5238471031188965,0.4761528968811035
200,7,0.01,1.0,1.0,0.0,3.0,0.7723858422756914,0.49823208509644396,UP,0.5238557457923889,0.4761442542076111
300,7,0.01,1.0,1.0,0.0,3.0,0.7723858422756914,0.49823208509644396,UP,0.5238557457923889,0.4761442542076111
100,7,0.01,0.8,0.7,0.0,3.0,0.7724299597599091,0.503797810124891,UP,0.5297790765762329,0.4702209234237671
200,7,0.03,1.0,0.7,0.5,1.0,0.7724421997478186,0.4942711441178658,UP,0.5432336330413818,0.45676636695861816
100,7,0.03,1.0,0.7,0.5,1.0,0.7724421997478186,0.4942711441178658,UP,0.5432336330413818,0.45676636695861816
300,7,0.03,1.0,0.7,0.5,1.0,0.7724421997478186,0.4942711441178658,UP,0.5432336330413818,0.45676636695861816
300,7,0.01,0.6,0.7,0.0,3.0,0.7725046337748342,0.5141490279879825,UP,0.5435301661491394,0.4564698338508606
200,7,0.01,0.6,0.7,0.0,3.0,0.7725046337748342,0.5141490279879825,UP,0.5435301661491394,0.4564698338508606
100,5,0.01,1.0,0.7,0.0,3.0,0.7726157609517108,0.4900978810363506,UP,0.5358778834342957,0.46412211656570435
100,7,0.01,0.6,0.7,0.0,3.0,0.7726199746788823,0.5141490279879825,UP,0.5435301661491394,0.4564698338508606
300,7,0.03,0.6,1.0,0.5,1.0,0.7726515264325552,0.5190128532489531,UP,0.5323208570480347,0.46767914295196533
100,7,0.03,0.6,1.0,0.5,1.0,0.7726515264325552,0.5190128532489531,UP,0.5323208570480347,0.46767914295196533
200,7,0.03,0.6,1.0,0.5,1.0,0.7726515264325552,0.5190128532489531,UP,0.5323208570480347,0.46767914295196533
100,3,0.01,0.6,1.0,0.5,1.0,0.7726964609356379,0.5032618514184479,UP,0.5223745703697205,0.47762542963027954
300,3,0.01,0.6,1.0,0.5,1.0,0.7726964609356379,0.5032618514184479,UP,0.5223745703697205,0.47762542963027954
200,3,0.01,0.6,1.0,0.5,1.0,0.7726964609356379,0.5032618514184479,UP,0.5223745703697205,0.47762542963027954
200,5,0.03,1.0,0.7,0.5,3.0,0.7727695303329516,0.5045924719761749,UP,0.5381379723548889,0.4618620276451111
300,5,0.03,1.0,0.7,0.5,3.0,0.7727695303329516,0.5045924719761749,UP,0.5381379723548889,0.4618620276451111
100,5,0.03,1.0,0.7,0.5,3.0,0.7727695303329516,0.5045924719761749,UP,0.5381379723548889,0.4618620276451111
200,7,0.01,1.0,1.0,0.5,1.0,0.7728255343157296,0.4875582613196667,UP,0.5241135954856873,0.47588640451431274
300,7,0.01,1.0,1.0,0.5,1.0,0.7728255343157296,0.4875582613196667,UP,0.5241135954856873,0.47588640451431274
200,3,0.03,0.6,0.7,0.5,1.0,0.7728297654429492,0.5221121375379421,UP,0.5302621126174927,0.4697378873825073
100,3,0.03,0.6,0.7,0.5,1.0,0.7728297654429492,0.5221121375379421,UP,0.5302621126174927,0.4697378873825073
300,3,0.03,0.6,0.7,0.5,1.0,0.7728297654429492,0.5221121375379421,UP,0.5302621126174927,0.4697378873825073
300,5,0.03,0.6,0.7,0.0,1.0,0.7728608117141897,0.511043559560073,UP,0.519743025302887,0.48025697469711304
200,5,0.03,0.6,0.7,0.0,1.0,0.7728608117141897,0.511043559560073,UP,0.519743025302887,0.48025697469711304
100,5,0.03,0.6,0.7,0.0,1.0,0.7728608117141897,0.511043559560073,UP,0.519743025302887,0.48025697469711304
300,3,0.03,0.8,1.0,0.0,3.0,0.772965215270339,0.5301937764172111,UP,0.5166886448860168,0.48331135511398315
200,3,0.03,0.8,1.0,0.0,3.0,0.772965215270339,0.5301937764172111,UP,0.5166886448860168,0.48331135511398315
100,3,0.03,0.8,1.0,0.0,3.0,0.772965215270339,0.5301937764172111,UP,0.5166886448860168,0.48331135511398315
200,5,0.05,0.6,0.7,0.0,3.0,0.7729950768252317,0.5180367899893347,UP,0.5555737614631653,0.4444262385368347
300,5,0.05,0.6,0.7,0.0,3.0,0.7729950768252317,0.5180367899893347,UP,0.5555737614631653,0.4444262385368347
100,5,0.05,0.6,0.7,0.0,3.0,0.7729950768252317,0.5180367899893347,UP,0.5555737614631653,0.4444262385368347
100,3,0.03,0.8,1.0,0.5,3.0,0.7730357997146758,0.5281612560920079,UP,0.516746461391449,0.483253538608551
300,3,0.03,0.8,1.0,0.5,3.0,0.7730357997146758,0.5281612560920079,UP,0.516746461391449,0.483253538608551
200,3,0.03,0.8,1.0,0.5,3.0,0.7730357997146758,0.5281612560920079,UP,0.516746461391449,0.483253538608551
100,5,0.01,1.0,0.7,0.5,1.0,0.7731064424945759,0.4865399397774249,UP,0.5352592468261719,0.4647407531738281
100,7,0.05,1.0,0.7,0.5,1.0,0.7731215232354203,0.5006119478910152,UP,0.5585557222366333,0.4414442777633667
200,7,0.05,1.0,0.7,0.5,1.0,0.7731215232354203,0.5006119478910152,UP,0.5585557222366333,0.4414442777633667
300,7,0.05,1.0,0.7,0.5,1.0,0.7731215232354203,0.5006119478910152,UP,0.5585557222366333,0.4414442777633667
300,3,0.05,0.6,0.7,0.5,3.0,0.7731577801506495,0.5322520639879165,UP,0.5364816784858704,0.46351832151412964
100,3,0.05,0.6,0.7,0.5,3.0,0.7731577801506495,0.5322520639879165,UP,0.5364816784858704,0.46351832151412964
200,3,0.05,0.6,0.7,0.5,3.0,0.7731577801506495,0.5322520639879165,UP,0.5364816784858704,0.46351832151412964
200,3,0.05,0.6,1.0,0.5,1.0,0.7732243445543429,0.5276376656634059,UP,0.5329883098602295,0.4670116901397705
300,3,0.05,0.6,1.0,0.5,1.0,0.7732243445543429,0.5276376656634059,UP,0.5329883098602295,0.4670116901397705
100,3,0.05,0.6,1.0,0.5,1.0,0.7732243445543429,0.5276376656634059,UP,0.5329883098602295,0.4670116901397705
300,7,0.01,1.0,0.7,0.5,3.0,0.7732482671200347,0.4931425387648752,UP,0.565988302230835,0.43401169776916504
200,7,0.01,1.0,0.7,0.5,3.0,0.7732482671200347,0.4931425387648752,UP,0.565988302230835,0.43401169776916504
200,5,0.05,1.0,0.7,0.5,3.0,0.7732926880946729,0.5093336451485556,UP,0.550220787525177,0.449779212474823
100,5,0.05,1.0,0.7,0.5,3.0,0.7732926880946729,0.5093336451485556,UP,0.550220787525177,0.449779212474823
300,5,0.05,1.0,0.7,0.5,3.0,0.7732926880946729,0.5093336451485556,UP,0.550220787525177,0.449779212474823
100,7,0.05,0.8,1.0,0.0,1.0,0.7733614061285546,0.5021765350379008,DOWN,0.49870195984840393,0.5012980699539185
200,7,0.05,0.8,1.0,0.0,1.0,0.7733614061285546,0.5021765350379008,DOWN,0.49870195984840393,0.5012980699539185
300,7,0.05,0.8,1.0,0.0,1.0,0.7733614061285546,0.5021765350379008,DOWN,0.49870195984840393,0.5012980699539185
100,5,0.03,0.8,1.0,0.0,1.0,0.7733931018326512,0.484973291250899,UP,0.5103488564491272,0.4896511435508728
200,5,0.03,0.8,1.0,0.0,1.0,0.7733931018326512,0.484973291250899,UP,0.5103488564491272,0.4896511435508728
300,5,0.03,0.8,1.0,0.0,1.0,0.7733931018326512,0.484973291250899,UP,0.5103488564491272,0.4896511435508728
200,7,0.03,1.0,1.0,0.5,1.0,0.7734458351966722,0.48907749811446866,UP,0.5328936576843262,0.46710634231567383
100,7,0.03,1.0,1.0,0.5,1.0,0.7734458351966722,0.48907749811446866,UP,0.5328936576843262,0.46710634231567383
300,7,0.03,1.0,1.0,0.5,1.0,0.7734458351966722,0.48907749811446866,UP,0.5328936576843262,0.46710634231567383
200,5,0.01,0.8,0.7,0.0,1.0,0.7734530965877647,0.49922773146264393,UP,0.5283458828926086,0.47165411710739136
300,5,0.01,0.8,0.7,0.0,1.0,0.7734530965877647,0.49922773146264393,UP,0.5283458828926086,0.47165411710739136
100,5,0.01,0.8,0.7,0.0,1.0,0.7734530965877647,0.49922773146264393,UP,0.5283458828926086,0.47165411710739136
200,3,0.05,0.6,0.7,0.0,3.0,0.7734593785508632,0.5398688617583283,UP,0.5367957949638367,0.46320420503616333
100,3,0.05,0.6,0.7,0.0,3.0,0.7734593785508632,0.5398688617583283,UP,0.5367957949638367,0.46320420503616333
300,3,0.05,0.6,0.7,0.0,3.0,0.7734593785508632,0.5398688617583283,UP,0.5367957949638367,0.46320420503616333
300,5,0.01,0.6,1.0,0.0,3.0,0.7734728693174421,0.5042987253774511,UP,0.5234837532043457,0.4765162467956543
200,5,0.01,0.6,1.0,0.0,3.0,0.7734728693174421,0.5042987253774511,UP,0.5234837532043457,0.4765162467956543
200,3,0.05,0.6,1.0,0.0,3.0,0.7734974525122149,0.5179862861881506,UP,0.5321229696273804,0.46787703037261963
100,3,0.05,0.6,1.0,0.0,3.0,0.7734974525122149,0.5179862861881506,UP,0.5321229696273804,0.46787703037261963
300,3,0.05,0.6,1.0,0.0,3.0,0.7734974525122149,0.5179862861881506,UP,0.5321229696273804,0.46787703037261963
200,7,0.01,0.8,0.7,0.5,1.0,0.7735420136244093,0.49263750075303464,UP,0.5225110650062561,0.4774889349937439
300,7,0.01,0.8,0.7,0.5,1.0,0.7735420136244093,0.49263750075303464,UP,0.5225110650062561,0.4774889349937439
100,7,0.01,1.0,0.7,0.0,1.0,0.7735435518980731,0.4865440625367052,UP,0.5431879758834839,0.4568120241165161
100,3,0.03,0.6,1.0,0.0,1.0,0.7735687357125569,0.5139294910563048,UP,0.5282003879547119,0.4717996120452881
200,3,0.03,0.6,1.0,0.0,1.0,0.7735687357125569,0.5139294910563048,UP,0.5282003879547119,0.4717996120452881
300,3,0.03,0.6,1.0,0.0,1.0,0.7735687357125569,0.5139294910563048,UP,0.5282003879547119,0.4717996120452881
200,3,0.03,0.6,1.0,0.5,1.0,0.7735737336047821,0.5139294910563048,UP,0.5276845693588257,0.4723154306411743
300,3,0.03,0.6,1.0,0.5,1.0,0.7735737336047821,0.5139294910563048,UP,0.5276845693588257,0.4723154306411743
100,3,0.03,0.6,1.0,0.5,1.0,0.7735737336047821,0.5139294910563048,UP,0.5276845693588257,0.4723154306411743
200,7,0.05,0.6,1.0,0.0,3.0,0.7735984603780905,0.5157167072043283,UP,0.5385173559188843,0.4614826440811157
100,7,0.05,0.6,1.0,0.0,3.0,0.7735984603780905,0.5157167072043283,UP,0.5385173559188843,0.4614826440811157
300,7,0.05,0.6,1.0,0.0,3.0,0.7735984603780905,0.5157167072043283,UP,0.5385173559188843,0.4614826440811157
100,5,0.05,0.6,0.7,0.5,1.0,0.7736011065101152,0.5225687331282387,UP,0.5587142705917358,0.44128572940826416
300,5,0.05,0.6,0.7,0.5,1.0,0.7736011065101152,0.5225687331282387,UP,0.5587142705917358,0.44128572940826416
200,5,0.05,0.6,0.7,0.5,1.0,0.7736011065101152,0.5225687331282387,UP,0.5587142705917358,0.44128572940826416
200,5,0.01,1.0,1.0,0.5,1.0,0.7736486570676894,0.4738624549904066,UP,0.523804783821106,0.47619521617889404
300,5,0.01,1.0,1.0,0.5,1.0,0.7736486570676894,0.4738624549904066,UP,0.523804783821106,0.47619521617889404
100,5,0.01,1.0,1.0,0.5,1.0,0.7736486570676894,0.4738624549904066,UP,0.523804783821106,0.47619521617889404
200,7,0.01,0.8,1.0,0.5,1.0,0.7736843541978432,0.48857864424154857,UP,0.5174059271812439,0.4825940728187561
300,7,0.01,0.8,1.0,0.5,1.0,0.7736843541978432,0.48857864424154857,UP,0.5174059271812439,0.4825940728187561
200,7,0.01,0.8,0.7,0.5,3.0,0.7737002967331416,0.5012623131674874,UP,0.5227304100990295,0.47726958990097046
300,7,0.01,0.8,0.7,0.5,3.0,0.7737002967331416,0.5012623131674874,UP,0.5227304100990295,0.47726958990097046
100,3,0.03,0.6,1.0,0.5,3.0,0.7737379162282508,0.5139356751952253,UP,0.5270051956176758,0.4729948043823242
300,3,0.03,0.6,1.0,0.5,3.0,0.7737379162282508,0.5139356751952253,UP,0.5270051956176758,0.4729948043823242
200,3,0.03,0.6,1.0,0.5,3.0,0.7737379162282508,0.5139356751952253,UP,0.5270051956176758,0.4729948043823242
100,5,0.01,0.6,1.0,0.0,3.0,0.7737596603328712,0.5042987253774511,UP,0.5234837532043457,0.4765162467956543
100,5,0.03,0.6,0.7,0.5,1.0,0.7737714768877231,0.5110136695552906,UP,0.5433083176612854,0.4566916823387146
200,5,0.03,0.6,0.7,0.5,1.0,0.7737714768877231,0.5110136695552906,UP,0.5433083176612854,0.4566916823387146
300,5,0.03,0.6,0.7,0.5,1.0,0.7737714768877231,0.5110136695552906,UP,0.5433083176612854,0.4566916823387146
200,3,0.05,0.6,1.0,0.5,3.0,0.773778254633017,0.5169720874051891,UP,0.5318573713302612,0.46814262866973877
100,3,0.05,0.6,1.0,0.5,3.0,0.773778254633017,0.5169720874051891,UP,0.5318573713302612,0.46814262866973877
300,3,0.05,0.6,1.0,0.5,3.0,0.773778254633017,0.5169720874051891,UP,0.5318573713302612,0.46814262866973877
100,7,0.01,1.0,0.7,0.5,1.0,0.7737831029860046,0.4906029190481912,UP,0.543444037437439,0.45655596256256104
200,3,0.03,0.6,1.0,0.0,3.0,0.7737870952897254,0.5139356751952253,UP,0.5271647572517395,0.4728352427482605
100,3,0.03,0.6,1.0,0.0,3.0,0.7737870952897254,0.5139356751952253,UP,0.5271647572517395,0.4728352427482605
300,3,0.03,0.6,1.0,0.0,3.0,0.7737870952897254,0.5139356751952253,UP,0.5271647572517395,0.4728352427482605
200,5,0.01,1.0,0.7,0.5,3.0,0.7738087813247426,0.49263337799375423,UP,0.5258954763412476,0.47410452365875244
300,5,0.01,1.0,0.7,0.5,3.0,0.7738087813247426,0.49263337799375423,UP,0.5258954763412476,0.47410452365875244
100,7,0.01,0.8,0.7,0.5,1.0,0.7738983656288155,0.48958872026522976,UP,0.5225110650062561,0.4774889349937439
100,3,0.05,0.8,0.7,0.5,1.0,0.7739204786998805,0.5136378058372214,UP,0.5473314523696899,0.45266854763031006
300,3,0.05,0.8,0.7,0.5,1.0,0.7739204786998805,0.5136378058372214,UP,0.5473314523696899,0.45266854763031006
200,3,0.05,0.8,0.7,0.5,1.0,0.7739204786998805,0.5136378058372214,UP,0.5473314523696899,0.45266854763031006
200,7,0.03,1.0,0.7,0.5,3.0,0.7739551373595759,0.5013808424967968,UP,0.5395137071609497,0.4604862928390503
300,7,0.03,1.0,0.7,0.5,3.0,0.7739551373595759,0.5013808424967968,UP,0.5395137071609497,0.4604862928390503
100,7,0.03,1.0,0.7,0.5,3.0,0.7739551373595759,0.5013808424967968,UP,0.5395137071609497,0.4604862928390503
100,7,0.01,0.8,0.7,0.5,3.0,0.7739704957103756,0.49922979284228414,UP,0.5227304100990295,0.47726958990097046
100,3,0.03,0.6,0.7,0.0,1.0,0.7740453803579733,0.5211000001346207,UP,0.5304648280143738,0.4695351719856262
300,3,0.03,0.6,0.7,0.0,1.0,0.7740453803579733,0.5211000001346207,UP,0.5304648280143738,0.4695351719856262
200,3,0.03,0.6,0.7,0.0,1.0,0.7740453803579733,0.5211000001346207,UP,0.5304648280143738,0.4695351719856262
300,5,0.01,0.6,1.0,0.5,1.0,0.77406787340582,0.5114043009971019,UP,0.5239222645759583,0.47607773542404175
200,5,0.01,0.6,1.0,0.5,1.0,0.77406787340582,0.5114043009971019,UP,0.5239222645759583,0.47607773542404175
100,5,0.01,0.6,1.0,0.5,1.0,0.77406787340582,0.5114043009971019,UP,0.5239222645759583,0.47607773542404175
300,5,0.05,0.6,0.7,0.0,1.0,0.7740943251720186,0.5101159387219985,UP,0.5199875235557556,0.4800124764442444
200,5,0.05,0.6,0.7,0.0,1.0,0.7740943251720186,0.5101159387219985,UP,0.5199875235557556,0.4800124764442444
100,5,0.05,0.6,0.7,0.0,1.0,0.7740943251720186,0.5101159387219985,UP,0.5199875235557556,0.4800124764442444
200,7,0.01,0.6,1.0,0.0,3.0,0.7741520126009256,0.4987103251729624,UP,0.5234837532043457,0.4765162467956543
300,7,0.01,0.6,1.0,0.0,3.0,0.7741520126009256,0.4987103251729624,UP,0.5234837532043457,0.4765162467956543
300,7,0.03,0.6,1.0,0.0,1.0,0.7741938609164422,0.5179945317067113,UP,0.5329734683036804,0.4670265316963196
100,7,0.03,0.6,1.0,0.0,1.0,0.7741938609164422,0.5179945317067113,UP,0.5329734683036804,0.4670265316963196
200,7,0.03,0.6,1.0,0.0,1.0,0.7741938609164422,0.5179945317067113,UP,0.5329734683036804,0.4670265316963196
100,5,0.05,1.0,0.7,0.0,1.0,0.7742448729315652,0.5056953100836634,UP,0.6134401559829712,0.3865598440170288
300,5,0.05,1.0,0.7,0.0,1.0,0.7742448729315652,0.5056953100836634,UP,0.6134401559829712,0.3865598440170288
200,5,0.05,1.0,0.7,0.0,1.0,0.7742448729315652,0.5056953100836634,UP,0.6134401559829712,0.3865598440170288
100,3,0.05,0.8,0.7,0.0,1.0,0.7742822178412923,0.514666434277664,UP,0.5477451086044312,0.45225489139556885
200,3,0.05,0.8,0.7,0.0,1.0,0.7742822178412923,0.514666434277664,UP,0.5477451086044312,0.45225489139556885
300,3,0.05,0.8,0.7,0.0,1.0,0.7742822178412923,0.514666434277664,UP,0.5477451086044312,0.45225489139556885
200,5,0.03,0.8,1.0,0.5,1.0,0.7743686677930494,0.48294077092569576,UP,0.5109204649925232,0.4890795350074768
100,5,0.03,0.8,1.0,0.5,1.0,0.7743686677930494,0.48294077092569576,UP,0.5109204649925232,0.4890795350074768
300,5,0.03,0.8,1.0,0.5,1.0,0.7743686677930494,0.48294077092569576,UP,0.5109204649925232,0.4890795350074768
100,5,0.01,1.0,0.7,0.5,3.0,0.7744104077143305,0.49060085766855105,UP,0.5258954763412476,0.47410452365875244
300,7,0.05,0.8,1.0,0.5,1.0,0.7744407756335758,0.4962541913317051,UP,0.5080260634422302,0.4919739365577698
200,7,0.05,0.8,1.0,0.5,1.0,0.7744407756335758,0.4962541913317051,UP,0.5080260634422302,0.4919739365577698
100,7,0.05,0.8,1.0,0.5,1.0,0.7744407756335758,0.4962541913317051,UP,0.5080260634422302,0.4919739365577698
300,7,0.01,0.8,1.0,0.0,1.0,0.7744700487260547,0.4946638369393173,UP,0.5193349719047546,0.48066502809524536
100,7,0.01,0.8,1.0,0.0,1.0,0.7744700487260547,0.4946638369393173,UP,0.5193349719047546,0.48066502809524536
200,7,0.01,0.8,1.0,0.0,1.0,0.7744700487260547,0.4946638369393173,UP,0.5193349719047546,0.48066502809524536
200,3,0.03,1.0,0.7,0.0,1.0,0.7745541072296687,0.5211907008387879,UP,0.536658525466919,0.46334147453308105
100,3,0.03,1.0,0.7,0.0,1.0,0.7745541072296687,0.5211907008387879,UP,0.536658525466919,0.46334147453308105
300,3,0.03,1.0,0.7,0.0,1.0,0.7745541072296687,0.5211907008387879,UP,0.536658525466919,0.46334147453308105
100,7,0.01,0.6,1.0,0.0,3.0,0.774559641741844,0.49972658533556397,UP,0.5234837532043457,0.4765162467956543
200,5,0.01,0.6,1.0,0.0,1.0,0.7745874232017791,0.5119155231478629,UP,0.5241402387619019,0.47585976123809814
300,5,0.01,0.6,1.0,0.0,1.0,0.7745874232017791,0.5119155231478629,UP,0.5241402387619019,0.47585976123809814
100,5,0.01,0.6,1.0,0.0,1.0,0.7745874232017791,0.5119155231478629,UP,0.5241402387619019,0.47585976123809814
100,7,0.01,0.6,1.0,0.5,1.0,0.7746228048608921,0.4987082637933222,UP,0.5239222645759583,0.47607773542404175
200,7,0.01,0.6,1.0,0.5,1.0,0.7746228048608921,0.4987082637933222,UP,0.5239222645759583,0.47607773542404175
300,7,0.01,0.6,1.0,0.5,1.0,0.7746228048608921,0.4987082637933222,UP,0.5239222645759583,0.47607773542404175
100,7,0.01,0.6,0.7,0.5,3.0,0.7746366661254176,0.5126215456746197,UP,0.5461986660957336,0.45380133390426636
300,7,0.01,0.6,0.7,0.5,3.0,0.7746366661254176,0.5126215456746197,UP,0.5461986660957336,0.45380133390426636
200,7,0.01,0.6,0.7,0.5,3.0,0.7746366661254176,0.5126215456746197,UP,0.5461986660957336,0.45380133390426636
100,5,0.03,1.0,1.0,0.0,1.0,0.7746471112463192,0.495680097101919,UP,0.5320959091186523,0.46790409088134766
300,5,0.03,1.0,1.0,0.0,1.0,0.7746471112463192,0.495680097101919,UP,0.5320959091186523,0.46790409088134766
200,5,0.03,1.0,1.0,0.0,1.0,0.7746471112463192,0.495680097101919,UP,0.5320959091186523,0.46790409088134766
200,7,0.05,1.0,1.0,0.5,1.0,0.7746518338432042,0.5019765812128048,UP,0.5416534543037415,0.45834654569625854
100,7,0.05,1.0,1.0,0.5,1.0,0.7746518338432042,0.5019765812128048,UP,0.5416534543037415,0.45834654569625854
300,7,0.05,1.0,1.0,0.5,1.0,0.7746518338432042,0.5019765812128048,UP,0.5416534543037415,0.45834654569625854
100,7,0.03,1.0,1.0,0.5,3.0,0.7746590084444932,0.4830170419723819,UP,0.5319941639900208,0.46800583600997925
300,7,0.03,1.0,1.0,0.5,3.0,0.7746590084444932,0.4830170419723819,UP,0.5319941639900208,0.46800583600997925
200,7,0.03,1.0,1.0,0.5,3.0,0.7746590084444932,0.4830170419723819,UP,0.5319941639900208,0.46800583600997925
300,5,0.01,1.0,0.7,0.0,1.0,0.7746750967976631,0.4784077970969717,UP,0.5465599298477173,0.4534400701522827
200,5,0.01,1.0,0.7,0.0,1.0,0.7746750967976631,0.4784077970969717,UP,0.5465599298477173,0.4534400701522827
100,5,0.01,1.0,0.7,0.0,1.0,0.7746750967976631,0.4784077970969717,UP,0.5465599298477173,0.4534400701522827
100,3,0.03,1.0,0.7,0.5,3.0,0.7747112729242893,0.5068702964785579,UP,0.5367973446846008,0.46320265531539917
200,3,0.03,1.0,0.7,0.5,3.0,0.7747112729242893,0.5068702964785579,UP,0.5367973446846008,0.46320265531539917
300,3,0.03,1.0,0.7,0.5,3.0,0.7747112729242893,0.5068702964785579,UP,0.5367973446846008,0.46320265531539917
100,7,0.01,1.0,1.0,0.0,3.0,0.7747887467128439,0.48298818265741955,UP,0.5238557457923889,0.4761442542076111
100,7,0.03,0.6,1.0,0.0,3.0,0.7748267394755592,0.5256154522364034,UP,0.5310075879096985,0.4689924120903015
200,7,0.03,0.6,1.0,0.0,3.0,0.7748267394755592,0.5256154522364034,UP,0.5310075879096985,0.4689924120903015
300,7,0.03,0.6,1.0,0.0,3.0,0.7748267394755592,0.5256154522364034,UP,0.5310075879096985,0.4689924120903015
300,7,0.01,0.6,1.0,0.0,1.0,0.7748369124317163,0.5017529215218468,UP,0.5241402387619019,0.47585976123809814
100,7,0.01,0.6,1.0,0.0,1.0,0.7748369124317163,0.5017529215218468,UP,0.5241402387619019,0.47585976123809814
200,7,0.01,0.6,1.0,0.0,1.0,0.7748369124317163,0.5017529215218468,UP,0.5241402387619019,0.47585976123809814
300,5,0.05,0.6,0.7,0.5,3.0,0.7748415892178246,0.5223172448121385,UP,0.5721225738525391,0.42787742614746094
100,5,0.05,0.6,0.7,0.5,3.0,0.7748415892178246,0.5223172448121385,UP,0.5721225738525391,0.42787742614746094
200,5,0.05,0.6,0.7,0.5,3.0,0.7748415892178246,0.5223172448121385,UP,0.5721225738525391,0.42787742614746094
100,7,0.01,1.0,1.0,0.5,1.0,0.7748476239034667,0.4845094808318618,UP,0.5241135954856873,0.47588640451431274
300,3,0.03,0.8,0.7,0.5,1.0,0.7748553378575214,0.49429484998372775,UP,0.5487679839134216,0.45123201608657837
200,3,0.03,0.8,0.7,0.5,1.0,0.7748553378575214,0.49429484998372775,UP,0.5487679839134216,0.45123201608657837
100,3,0.03,0.8,0.7,0.5,1.0,0.7748553378575214,0.49429484998372775,UP,0.5487679839134216,0.45123201608657837
100,7,0.05,1.0,1.0,0.0,1.0,0.7748562070083309,0.4948266859308905,UP,0.5418812036514282,0.4581187963485718
200,7,0.05,1.0,1.0,0.0,1.0,0.7748562070083309,0.4948266859308905,UP,0.5418812036514282,0.4581187963485718
300,7,0.05,1.0,1.0,0.0,1.0,0.7748562070083309,0.4948266859308905,UP,0.5418812036514282,0.4581187963485718
200,7,0.01,1.0,0.7,0.0,3.0,0.7748713408473458,0.5017549829014869,UP,0.5266990065574646,0.4733009934425354
300,7,0.01,1.0,0.7,0.0,3.0,0.7748713408473458,0.5017549829014869,UP,0.5266990065574646,0.4733009934425354
200,5,0.01,0.8,0.7,0.0,3.0,0.7749137733328181,0.5043049095163716,UP,0.5349280834197998,0.4650719165802002
300,5,0.01,0.8,0.7,0.0,3.0,0.7749137733328181,0.5043049095163716,UP,0.5349280834197998,0.4650719165802002
100,5,0.01,0.8,0.7,0.0,3.0,0.7749137733328181,0.5043049095163716,UP,0.5349280834197998,0.4650719165802002
300,5,0.01,0.6,0.7,0.5,1.0,0.774914955251032,0.49971833981700337,UP,0.526023268699646,0.473976731300354
100,5,0.01,0.6,0.7,0.5,1.0,0.774914955251032,0.49971833981700337,UP,0.526023268699646,0.473976731300354
200,5,0.01,0.6,0.7,0.5,1.0,0.774914955251032,0.49971833981700337,UP,0.526023268699646,0.473976731300354
300,3,0.03,0.8,0.7,0.0,3.0,0.774924975127572,0.491807795447868,UP,0.548239529132843,0.451760470867157
200,3,0.03,0.8,0.7,0.0,3.0,0.774924975127572,0.491807795447868,UP,0.548239529132843,0.451760470867157
100,3,0.03,0.8,0.7,0.0,3.0,0.774924975127572,0.491807795447868,UP,0.548239529132843,0.451760470867157
300,5,0.01,0.6,0.7,0.0,1.0,0.774925631647545,0.49615627579879723,UP,0.526360034942627,0.47363996505737305
100,5,0.01,0.6,0.7,0.0,1.0,0.774925631647545,0.49615627579879723,UP,0.526360034942627,0.47363996505737305
200,5,0.01,0.6,0.7,0.0,1.0,0.774925631647545,0.49615627579879723,UP,0.526360034942627,0.47363996505737305
300,3,0.03,0.8,0.7,0.5,3.0,0.7749333998066802,0.4984165785742388,UP,0.5483377575874329,0.45166224241256714
200,3,0.03,0.8,0.7,0.5,3.0,0.7749333998066802,0.4984165785742388,UP,0.5483377575874329,0.45166224241256714
100,3,0.03,0.8,0.7,0.5,3.0,0.7749333998066802,0.4984165785742388,UP,0.5483377575874329,0.45166224241256714
200,3,0.01,1.0,0.7,0.0,1.0,0.7749546905192012,0.479432302778134,UP,0.5254378318786621,0.4745621681213379
300,3,0.01,1.0,0.7,0.0,1.0,0.7749546905192012,0.479432302778134,UP,0.5254378318786621,0.4745621681213379
100,3,0.01,1.0,0.7,0.0,1.0,0.7749546905192012,0.479432302778134,UP,0.5254378318786621,0.4745621681213379
300,5,0.05,1.0,0.7,0.5,1.0,0.7749563786224654,0.48701817985394324,UP,0.5560082793235779,0.4439917206764221
100,5,0.05,1.0,0.7,0.5,1.0,0.7749563786224654,0.48701817985394324,UP,0.5560082793235779,0.4439917206764221
200,5,0.05,1.0,0.7,0.5,1.0,0.7749563786224654,0.48701817985394324,UP,0.5560082793235779,0.4439917206764221
200,5,0.01,0.8,0.7,0.5,1.0,0.7749887376550622,0.49617688959519884,UP,0.5283463597297668,0.47165364027023315
100,5,0.01,0.8,0.7,0.5,1.0,0.7749887376550622,0.49617688959519884,UP,0.5283463597297668,0.47165364027023315
300,5,0.01,0.8,0.7,0.5,1.0,0.7749887376550622,0.49617688959519884,UP,0.5283463597297668,0.47165364027023315
100,7,0.05,1.0,0.7,0.5,3.0,0.7751322192530685,0.49528328152118706,UP,0.5524647831916809,0.4475352168083191
200,7,0.05,1.0,0.7,0.5,3.0,0.7751322192530685,0.49528328152118706,UP,0.5524647831916809,0.4475352168083191
300,7,0.05,1.0,0.7,0.5,3.0,0.7751322192530685,0.49528328152118706,UP,0.5524647831916809,0.4475352168083191
100,7,0.01,1.0,0.7,0.0,3.0,0.7751458242936702,0.5027712430640885,UP,0.5266990065574646,0.4733009934425354
200,3,0.03,0.8,1.0,0.0,1.0,0.7751543854470827,0.5190190373878736,UP,0.5165920853614807,0.4834079146385193
300,3,0.03,0.8,1.0,0.0,1.0,0.7751543854470827,0.5190190373878736,UP,0.5165920853614807,0.4834079146385193
100,3,0.03,0.8,1.0,0.0,1.0,0.7751543854470827,0.5190190373878736,UP,0.5165920853614807,0.4834079146385193
100,7,0.01,0.8,1.0,0.5,1.0,0.775184832952487,0.49162742472935345,UP,0.5174059271812439,0.4825940728187561
300,7,0.03,1.0,0.7,0.0,3.0,0.7752003868326378,0.49311986358883336,UP,0.5321822762489319,0.4678177237510681
100,7,0.03,1.0,0.7,0.0,3.0,0.7752003868326378,0.49311986358883336,UP,0.5321822762489319,0.4678177237510681
200,7,0.03,1.0,0.7,0.0,3.0,0.7752003868326378,0.49311986358883336,UP,0.5321822762489319,0.4678177237510681
200,5,0.01,0.6,1.0,0.5,3.0,0.7752199823665167,0.4992174245644431,UP,0.5234072804450989,0.4765927195549011
100,5,0.01,0.6,1.0,0.5,3.0,0.7752199823665167,0.4992174245644431,UP,0.5234072804450989,0.4765927195549011
300,5,0.01,0.6,1.0,0.5,3.0,0.7752199823665167,0.4992174245644431,UP,0.5234072804450989,0.4765927195549011
200,7,0.05,1.0,0.7,0.0,3.0,0.7753477257038259,0.4908842973690738,UP,0.5404707789421082,0.45952922105789185
100,7,0.05,1.0,0.7,0.0,3.0,0.7753477257038259,0.4908842973690738,UP,0.5404707789421082,0.45952922105789185
300,7,0.05,1.0,0.7,0.0,3.0,0.7753477257038259,0.4908842973690738,UP,0.5404707789421082,0.45952922105789185
100,3,0.01,0.6,0.7,0.5,3.0,0.775461602738597,0.4915758902383493,UP,0.5406705737113953,0.45932942628860474
200,3,0.01,0.6,0.7,0.5,3.0,0.775461602738597,0.4915758902383493,UP,0.5406705737113953,0.45932942628860474
300,3,0.01,0.6,0.7,0.5,3.0,0.775461602738597,0.4915758902383493,UP,0.5406705737113953,0.45932942628860474
300,5,0.03,1.0,0.7,0.0,3.0,0.7755050194306019,0.48478879777310413,UP,0.5390020608901978,0.46099793910980225
200,5,0.03,1.0,0.7,0.0,3.0,0.7755050194306019,0.48478879777310413,UP,0.5390020608901978,0.46099793910980225
100,5,0.03,1.0,0.7,0.0,3.0,0.7755050194306019,0.48478879777310413,UP,0.5390020608901978,0.46099793910980225
200,3,0.03,0.6,0.7,0.0,3.0,0.7755239465485375,0.5186407742239032,UP,0.548213541507721,0.45178645849227905
100,3,0.03,0.6,0.7,0.0,3.0,0.7755239465485375,0.5186407742239032,UP,0.548213541507721,0.45178645849227905
300,3,0.03,0.6,0.7,0.0,3.0,0.7755239465485375,0.5186407742239032,UP,0.548213541507721,0.45178645849227905
100,7,0.03,0.8,1.0,0.5,1.0,0.7755435416227417,0.4854659609848986,UP,0.5127415657043457,0.4872584342956543
200,7,0.03,0.8,1.0,0.5,1.0,0.7755435416227417,0.4854659609848986,UP,0.5127415657043457,0.4872584342956543
300,7,0.03,0.8,1.0,0.5,1.0,0.7755435416227417,0.4854659609848986,UP,0.5127415657043457,0.4872584342956543
100,3,0.03,0.8,1.0,0.5,1.0,0.7755448522998463,0.5098685731651786,UP,0.5166517496109009,0.4833482503890991
300,3,0.03,0.8,1.0,0.5,1.0,0.7755448522998463,0.5098685731651786,UP,0.5166517496109009,0.4833482503890991
200,3,0.03,0.8,1.0,0.5,1.0,0.7755448522998463,0.5098685731651786,UP,0.5166517496109009,0.4833482503890991
100,3,0.01,1.0,0.7,0.5,3.0,0.7755565427310251,0.4931363546259547,UP,0.5254841446876526,0.4745158553123474
200,3,0.01,1.0,0.7,0.5,3.0,0.7755565427310251,0.4931363546259547,UP,0.5254841446876526,0.4745158553123474
300,3,0.01,1.0,0.7,0.5,3.0,0.7755565427310251,0.4931363546259547,UP,0.5254841446876526,0.4745158553123474
100,5,0.03,1.0,1.0,0.0,3.0,0.7756042168323021,0.4890651298366277,UP,0.5313095450401306,0.4686904549598694
200,5,0.03,1.0,1.0,0.0,3.0,0.7756042168323021,0.4890651298366277,UP,0.5313095450401306,0.4686904549598694
300,5,0.03,1.0,1.0,0.0,3.0,0.7756042168323021,0.4890651298366277,UP,0.5313095450401306,0.4686904549598694
200,7,0.05,1.0,1.0,0.0,3.0,0.7756398067130513,0.49618719649339976,UP,0.5403701663017273,0.4596298336982727
100,7,0.05,1.0,1.0,0.0,3.0,0.7756398067130513,0.49618719649339976,UP,0.5403701663017273,0.4596298336982727
300,7,0.05,1.0,1.0,0.0,3.0,0.7756398067130513,0.49618719649339976,UP,0.5403701663017273,0.4596298336982727
100,5,0.01,0.6,0.7,0.0,3.0,0.7756758492370148,0.4976837581121599,UP,0.5459809899330139,0.4540190100669861
300,5,0.01,0.6,0.7,0.0,3.0,0.7756758492370148,0.4976837581121599,UP,0.5459809899330139,0.4540190100669861
200,5,0.01,0.6,0.7,0.0,3.0,0.7756758492370148,0.4976837581121599,UP,0.5459809899330139,0.4540190100669861
100,3,0.01,0.8,0.7,0.0,1.0,0.7757257742837353,0.4870223026132236,UP,0.5319551229476929,0.46804487705230713
200,3,0.01,0.8,0.7,0.0,1.0,0.7757257742837353,0.4870223026132236,UP,0.5319551229476929,0.46804487705230713
300,3,0.01,0.8,0.7,0.0,1.0,0.7757257742837353,0.4870223026132236,UP,0.5319551229476929,0.46804487705230713
200,3,0.05,1.0,0.7,0.0,1.0,0.7757490082414031,0.5118794490041602,UP,0.5475867986679077,0.4524132013320923
100,3,0.05,1.0,0.7,0.0,1.0,0.7757490082414031,0.5118794490041602,UP,0.5475867986679077,0.4524132013320923
300,3,0.05,1.0,0.7,0.0,1.0,0.7757490082414031,0.5118794490041602,UP,0.5475867986679077,0.4524132013320923
100,7,0.03,0.8,1.0,0.5,3.0,0.7757792040901385,0.4896155182005519,UP,0.5102648138999939,0.4897351861000061
300,7,0.03,0.8,1.0,0.5,3.0,0.7757792040901385,0.4896155182005519,UP,0.5102648138999939,0.4897351861000061
200,7,0.03,0.8,1.0,0.5,3.0,0.7757792040901385,0.4896155182005519,UP,0.5102648138999939,0.4897351861000061
100,5,0.05,1.0,0.7,0.0,3.0,0.7757892146439208,0.5167793484088337,UP,0.5516536235809326,0.4483463764190674
300,5,0.05,1.0,0.7,0.0,3.0,0.7757892146439208,0.5167793484088337,UP,0.5516536235809326,0.4483463764190674
200,5,0.05,1.0,0.7,0.0,3.0,0.7757892146439208,0.5167793484088337,UP,0.5516536235809326,0.4483463764190674
300,3,0.01,1.0,0.7,0.0,3.0,0.7758005787396072,0.4845136035911421,UP,0.525541365146637,0.47445863485336304
100,3,0.01,1.0,0.7,0.0,3.0,0.7758005787396072,0.4845136035911421,UP,0.525541365146637,0.47445863485336304
200,3,0.01,1.0,0.7,0.0,3.0,0.7758005787396072,0.4845136035911421,UP,0.525541365146637,0.47445863485336304
100,7,0.01,1.0,0.7,0.5,3.0,0.7758162295468514,0.488061237951867,UP,0.565988302230835,0.43401169776916504
300,5,0.05,0.6,1.0,0.5,3.0,0.7758842259725149,0.5124061315022224,UP,0.5381367206573486,0.46186327934265137
100,5,0.05,0.6,1.0,0.5,3.0,0.7758842259725149,0.5124061315022224,UP,0.5381367206573486,0.46186327934265137
200,5,0.05,0.6,1.0,0.5,3.0,0.7758842259725149,0.5124061315022224,UP,0.5381367206573486,0.46186327934265137
300,3,0.01,0.6,0.7,0.0,3.0,0.7758954200389763,0.4915758902383493,UP,0.5409417152404785,0.4590582847595215
100,3,0.01,0.6,0.7,0.0,3.0,0.7758954200389763,0.4915758902383493,UP,0.5409417152404785,0.4590582847595215
200,3,0.01,0.6,0.7,0.0,3.0,0.7758954200389763,0.4915758902383493,UP,0.5409417152404785,0.4590582847595215
100,5,0.03,1.0,1.0,0.5,1.0,0.77591684555153,0.47742039624933236,UP,0.5319690108299255,0.46803098917007446
200,5,0.03,1.0,1.0,0.5,1.0,0.77591684555153,0.47742039624933236,UP,0.5319690108299255,0.46803098917007446
300,5,0.03,1.0,1.0,0.5,1.0,0.77591684555153,0.47742039624933236,UP,0.5319690108299255,0.46803098917007446
100,7,0.05,0.8,1.0,0.5,3.0,0.7759522409372525,0.4843229259744267,UP,0.5039584636688232,0.49604153633117676
300,7,0.05,0.8,1.0,0.5,3.0,0.7759522409372525,0.4843229259744267,UP,0.5039584636688232,0.49604153633117676
200,7,0.05,0.8,1.0,0.5,3.0,0.7759522409372525,0.4843229259744267,UP,0.5039584636688232,0.49604153633117676
100,5,0.05,0.6,1.0,0.5,1.0,0.7759935045867494,0.5240982768212415,UP,0.5407012104988098,0.4592987895011902
200,5,0.05,0.6,1.0,0.5,1.0,0.7759935045867494,0.5240982768212415,UP,0.5407012104988098,0.4592987895011902
300,5,0.05,0.6,1.0,0.5,1.0,0.7759935045867494,0.5240982768212415,UP,0.5407012104988098,0.4592987895011902
100,5,0.01,0.8,1.0,0.0,3.0,0.7761130560756301,0.49972246257628367,UP,0.5203784108161926,0.4796215891838074
200,5,0.01,0.8,1.0,0.0,3.0,0.7761130560756301,0.49972246257628367,UP,0.5203784108161926,0.4796215891838074
300,5,0.01,0.8,1.0,0.0,3.0,0.7761130560756301,0.49972246257628367,UP,0.5203784108161926,0.4796215891838074
300,5,0.01,0.8,1.0,0.0,1.0,0.7762239764835863,0.49363933125815507,UP,0.5159832239151001,0.4840167760848999
100,5,0.01,0.8,1.0,0.0,1.0,0.7762239764835863,0.49363933125815507,UP,0.5159832239151001,0.4840167760848999
200,5,0.01,0.8,1.0,0.0,1.0,0.7762239764835863,0.49363933125815507,UP,0.5159832239151001,0.4840167760848999
300,5,0.01,0.8,0.7,0.5,3.0,0.776322005216622,0.4946452845225559,UP,0.5317350625991821,0.46826493740081787
200,5,0.01,0.8,0.7,0.5,3.0,0.776322005216622,0.4946452845225559,UP,0.5317350625991821,0.46826493740081787
100,5,0.01,0.8,0.7,0.5,3.0,0.776322005216622,0.4946452845225559,UP,0.5317350625991821,0.46826493740081787
100,3,0.01,0.8,1.0,0.5,1.0,0.7763577516530643,0.4804279491443339,UP,0.5186958312988281,0.4813041687011719
300,3,0.01,0.8,1.0,0.5,1.0,0.7763577516530643,0.4804279491443339,UP,0.5186958312988281,0.4813041687011719
200,3,0.01,0.8,1.0,0.5,1.0,0.7763577516530643,0.4804279491443339,UP,0.5186958312988281,0.4813041687011719
200,3,0.03,0.6,0.7,0.5,3.0,0.7763892995064504,0.5267461189690342,UP,0.5506409406661987,0.44935905933380127
300,3,0.03,0.6,0.7,0.5,3.0,0.7763892995064504,0.5267461189690342,UP,0.5506409406661987,0.44935905933380127
100,3,0.03,0.6,0.7,0.5,3.0,0.7763892995064504,0.5267461189690342,UP,0.5506409406661987,0.44935905933380127
200,7,0.03,0.6,1.0,0.5,3.0,0.7764470588089343,0.5088543743822171,UP,0.530778706073761,0.469221293926239
100,7,0.03,0.6,1.0,0.5,3.0,0.7764470588089343,0.5088543743822171,UP,0.530778706073761,0.469221293926239
300,7,0.03,0.6,1.0,0.5,3.0,0.7764470588089343,0.5088543743822171,UP,0.530778706073761,0.469221293926239
100,7,0.01,1.0,1.0,0.0,1.0,0.7764831645430739,0.4931487229037957,UP,0.52415931224823,0.47584068775177
200,5,0.01,0.8,1.0,0.5,3.0,0.7765114053396969,0.5042884184792504,UP,0.5203421711921692,0.4796578288078308
100,5,0.01,0.8,1.0,0.5,3.0,0.7765114053396969,0.5042884184792504,UP,0.5203421711921692,0.4796578288078308
300,5,0.01,0.8,1.0,0.5,3.0,0.7765114053396969,0.5042884184792504,UP,0.5203421711921692,0.4796578288078308
100,3,0.01,0.8,1.0,0.0,1.0,0.7765129990415641,0.4804279491443339,UP,0.5186759233474731,0.48132407665252686
200,3,0.01,0.8,1.0,0.0,1.0,0.7765129990415641,0.4804279491443339,UP,0.5186759233474731,0.48132407665252686
300,3,0.01,0.8,1.0,0.0,1.0,0.7765129990415641,0.4804279491443339,UP,0.5186759233474731,0.48132407665252686
300,3,0.01,0.6,1.0,0.0,3.0,0.7765145229585242,0.4910790977450694,UP,0.5222010612487793,0.4777989387512207
200,3,0.01,0.6,1.0,0.0,3.0,0.7765145229585242,0.4910790977450694,UP,0.5222010612487793,0.4777989387512207
100,3,0.01,0.6,1.0,0.0,3.0,0.7765145229585242,0.4910790977450694,UP,0.5222010612487793,0.4777989387512207
100,3,0.03,1.0,0.7,0.0,3.0,0.7766584245373185,0.5160990931275791,UP,0.5369674563407898,0.4630325436592102
300,3,0.03,1.0,0.7,0.0,3.0,0.7766584245373185,0.5160990931275791,UP,0.5369674563407898,0.4630325436592102
200,3,0.03,1.0,0.7,0.0,3.0,0.7766584245373185,0.5160990931275791,UP,0.5369674563407898,0.4630325436592102
100,7,0.01,0.6,1.0,0.5,3.0,0.7766976497066552,0.49261482557699277,UP,0.5234072804450989,0.4765927195549011
200,7,0.01,0.6,1.0,0.5,3.0,0.7766976497066552,0.49261482557699277,UP,0.5234072804450989,0.4765927195549011
300,7,0.01,0.6,1.0,0.5,3.0,0.7766976497066552,0.49261482557699277,UP,0.5234072804450989,0.4765927195549011
300,5,0.03,0.6,0.7,0.0,3.0,0.7767197146459733,0.5086791571128031,UP,0.552055835723877,0.44794416427612305
200,5,0.03,0.6,0.7,0.0,3.0,0.7767197146459733,0.5086791571128031,UP,0.552055835723877,0.44794416427612305
100,5,0.03,0.6,0.7,0.0,3.0,0.7767197146459733,0.5086791571128031,UP,0.552055835723877,0.44794416427612305
100,3,0.01,1.0,0.7,0.5,1.0,0.776826088559093,0.47537344626664796,UP,0.5253781676292419,0.47462183237075806
200,3,0.01,1.0,0.7,0.5,1.0,0.776826088559093,0.47537344626664796,UP,0.5253781676292419,0.47462183237075806
300,3,0.01,1.0,0.7,0.5,1.0,0.776826088559093,0.47537344626664796,UP,0.5253781676292419,0.47462183237075806
200,3,0.03,0.8,0.7,0.0,1.0,0.7768630514123727,0.5065064629720686,UP,0.5491094589233398,0.45089054107666016
300,3,0.03,0.8,0.7,0.0,1.0,0.7768630514123727,0.5065064629720686,UP,0.5491094589233398,0.45089054107666016
100,3,0.03,0.8,0.7,0.0,1.0,0.7768630514123727,0.5065064629720686,UP,0.5491094589233398,0.45089054107666016
100,3,0.01,0.6,1.0,0.5,3.0,0.7768822986047347,0.4992050562866021,UP,0.5230685472488403,0.47693145275115967
300,3,0.01,0.6,1.0,0.5,3.0,0.7768822986047347,0.4992050562866021,UP,0.5230685472488403,0.47693145275115967
200,3,0.01,0.6,1.0,0.5,3.0,0.7768822986047347,0.4992050562866021,UP,0.5230685472488403,0.47693145275115967
300,5,0.03,0.8,1.0,0.0,3.0,0.7769897487556883,0.5078463597381762,UP,0.521722674369812,0.478277325630188
200,5,0.03,0.8,1.0,0.0,3.0,0.7769897487556883,0.5078463597381762,UP,0.521722674369812,0.478277325630188
100,5,0.03,0.8,1.0,0.0,3.0,0.7769897487556883,0.5078463597381762,UP,0.521722674369812,0.478277325630188
200,7,0.05,0.6,1.0,0.5,3.0,0.7770690677645542,0.5159599500018679,UP,0.5381367206573486,0.46186327934265137
300,7,0.05,0.6,1.0,0.5,3.0,0.7770690677645542,0.5159599500018679,UP,0.5381367206573486,0.46186327934265137
100,7,0.05,0.6,1.0,0.5,3.0,0.7770690677645542,0.5159599500018679,UP,0.5381367206573486,0.46186327934265137
300,3,0.01,0.8,0.7,0.5,1.0,0.7771163909415418,0.4839673379864982,UP,0.5296409726142883,0.47035902738571167
100,3,0.01,0.8,0.7,0.5,1.0,0.7771163909415418,0.4839673379864982,UP,0.5296409726142883,0.47035902738571167
200,3,0.01,0.8,0.7,0.5,1.0,0.7771163909415418,0.4839673379864982,UP,0.5296409726142883,0.47035902738571167
100,5,0.03,0.6,0.7,0.5,3.0,0.7772421575607512,0.5051315227520781,UP,0.5516371130943298,0.44836288690567017
200,5,0.03,0.6,0.7,0.5,3.0,0.7772421575607512,0.5051315227520781,UP,0.5516371130943298,0.44836288690567017
300,5,0.03,0.6,0.7,0.5,3.0,0.7772421575607512,0.5051315227520781,UP,0.5516371130943298,0.44836288690567017
200,3,0.01,0.8,1.0,0.0,3.0,0.7772738654342652,0.48752115648614364,UP,0.5187080502510071,0.4812919497489929
100,3,0.01,0.8,1.0,0.0,3.0,0.7772738654342652,0.48752115648614364,UP,0.5187080502510071,0.4812919497489929
300,3,0.01,0.8,1.0,0.0,3.0,0.7772738654342652,0.48752115648614364,UP,0.5187080502510071,0.4812919497489929
200,7,0.01,0.8,1.0,0.0,3.0,0.7774262464494878,0.494647345902196,UP,0.5192657709121704,0.4807342290878296
300,7,0.01,0.8,1.0,0.0,3.0,0.7774262464494878,0.494647345902196,UP,0.5192657709121704,0.4807342290878296
100,7,0.01,0.8,1.0,0.0,3.0,0.7774262464494878,0.494647345902196,UP,0.5192657709121704,0.4807342290878296
300,3,0.05,1.0,0.7,0.5,1.0,0.7775195732099609,0.4974765894583233,UP,0.5484932065010071,0.4515067934989929
100,3,0.05,1.0,0.7,0.5,1.0,0.7775195732099609,0.4974765894583233,UP,0.5484932065010071,0.4515067934989929
200,3,0.05,1.0,0.7,0.5,1.0,0.7775195732099609,0.4974765894583233,UP,0.5484932065010071,0.4515067934989929
200,3,0.01,0.8,0.7,0.0,3.0,0.7775392604510568,0.4839673379864982,UP,0.5294691324234009,0.4705308675765991
300,3,0.01,0.8,0.7,0.0,3.0,0.7775392604510568,0.4839673379864982,UP,0.5294691324234009,0.4705308675765991
100,3,0.01,0.8,0.7,0.0,3.0,0.7775392604510568,0.4839673379864982,UP,0.5294691324234009,0.4705308675765991
200,3,0.01,1.0,1.0,0.0,1.0,0.7775588686562704,0.44242229271860134,UP,0.5224289894104004,0.4775710105895996
100,3,0.01,1.0,1.0,0.0,1.0,0.7775588686562704,0.44242229271860134,UP,0.5224289894104004,0.4775710105895996
300,3,0.01,1.0,1.0,0.0,1.0,0.7775588686562704,0.44242229271860134,UP,0.5224289894104004,0.4775710105895996
100,3,0.01,0.8,0.7,0.5,3.0,0.7776378563775076,0.4824439784324159,UP,0.5293723344802856,0.47062766551971436
300,3,0.01,0.8,0.7,0.5,3.0,0.7776378563775076,0.4824439784324159,UP,0.5293723344802856,0.47062766551971436
200,3,0.01,0.8,0.7,0.5,3.0,0.7776378563775076,0.4824439784324159,UP,0.5293723344802856,0.47062766551971436
200,3,0.01,1.0,1.0,0.5,1.0,0.7777674513502545,0.5047955178707311,UP,0.522394061088562,0.477605938911438
300,3,0.01,1.0,1.0,0.5,1.0,0.7777674513502545,0.5047955178707311,UP,0.522394061088562,0.477605938911438
100,3,0.01,1.0,1.0,0.5,1.0,0.7777674513502545,0.5047955178707311,UP,0.522394061088562,0.477605938911438
100,7,0.03,0.8,1.0,0.0,3.0,0.7778077792674781,0.48250169706234053,UP,0.5098568797111511,0.4901431202888489
300,7,0.03,0.8,1.0,0.0,3.0,0.7778077792674781,0.48250169706234053,UP,0.5098568797111511,0.4901431202888489
200,7,0.03,0.8,1.0,0.0,3.0,0.7778077792674781,0.48250169706234053,UP,0.5098568797111511,0.4901431202888489
100,7,0.01,0.8,1.0,0.5,3.0,0.7778160388517491,0.5007428454981657,UP,0.5192327499389648,0.48076725006103516
300,7,0.01,0.8,1.0,0.5,3.0,0.7778160388517491,0.5007428454981657,UP,0.5192327499389648,0.48076725006103516
200,7,0.01,0.8,1.0,0.5,3.0,0.7778160388517491,0.5007428454981657,UP,0.5192327499389648,0.48076725006103516
300,7,0.05,0.8,1.0,0.0,3.0,0.7778476357995591,0.49549560362412415,UP,0.5032783150672913,0.49672168493270874
200,7,0.05,0.8,1.0,0.0,3.0,0.7778476357995591,0.49549560362412415,UP,0.5032783150672913,0.49672168493270874
100,7,0.05,0.8,1.0,0.0,3.0,0.7778476357995591,0.49549560362412415,UP,0.5032783150672913,0.49672168493270874
300,5,0.01,0.6,0.7,0.5,3.0,0.7778516330522841,0.4936145947024731,UP,0.5440443158149719,0.4559556841850281
200,5,0.01,0.6,0.7,0.5,3.0,0.7778516330522841,0.4936145947024731,UP,0.5440443158149719,0.4559556841850281
100,5,0.01,0.6,0.7,0.5,3.0,0.7778516330522841,0.4936145947024731,UP,0.5440443158149719,0.4559556841850281
300,5,0.05,0.8,1.0,0.0,1.0,0.7778576608363962,0.4717619091370779,UP,0.504146158695221,0.49585384130477905
200,5,0.05,0.8,1.0,0.0,1.0,0.7778576608363962,0.4717619091370779,UP,0.504146158695221,0.49585384130477905
100,5,0.05,0.8,1.0,0.0,1.0,0.7778576608363962,0.4717619091370779,UP,0.504146158695221,0.49585384130477905
100,3,0.05,1.0,1.0,0.5,1.0,0.7779133142948604,0.5108930788463408,UP,0.5330857038497925,0.4669142961502075
200,3,0.05,1.0,1.0,0.5,1.0,0.7779133142948604,0.5108930788463408,UP,0.5330857038497925,0.4669142961502075
300,3,0.05,1.0,1.0,0.5,1.0,0.7779133142948604,0.5108930788463408,UP,0.5330857038497925,0.4669142961502075
100,3,0.01,0.8,1.0,0.5,3.0,0.7779702924193452,0.48650489632354205,UP,0.5187273621559143,0.4812726378440857
200,3,0.01,0.8,1.0,0.5,3.0,0.7779702924193452,0.48650489632354205,UP,0.5187273621559143,0.4812726378440857
300,3,0.01,0.8,1.0,0.5,3.0,0.7779702924193452,0.48650489632354205,UP,0.5187273621559143,0.4812726378440857
300,5,0.01,1.0,1.0,0.0,3.0,0.7779878671715431,0.46471199076771164,UP,0.5235845446586609,0.4764154553413391
200,5,0.01,1.0,1.0,0.0,3.0,0.7779878671715431,0.46471199076771164,UP,0.5235845446586609,0.4764154553413391
100,5,0.01,1.0,1.0,0.0,3.0,0.7779878671715431,0.46471199076771164,UP,0.5235845446586609,0.4764154553413391
100,5,0.01,1.0,1.0,0.5,3.0,0.7779978812917281,0.4621868007085088,UP,0.5235448479652405,0.4764551520347595
200,5,0.01,1.0,1.0,0.5,3.0,0.7779978812917281,0.4621868007085088,UP,0.5235448479652405,0.4764551520347595
300,5,0.01,1.0,1.0,0.5,3.0,0.7779978812917281,0.4621868007085088,UP,0.5235448479652405,0.4764551520347595
100,3,0.05,1.0,0.7,0.0,3.0,0.7780705955469571,0.5099891638741283,UP,0.5480988025665283,0.4519011974334717
200,3,0.05,1.0,0.7,0.0,3.0,0.7780705955469571,0.5099891638741283,UP,0.5480988025665283,0.4519011974334717
300,3,0.05,1.0,0.7,0.0,3.0,0.7780705955469571,0.5099891638741283,UP,0.5480988025665283,0.4519011974334717
100,5,0.05,1.0,1.0,0.5,1.0,0.7781698531782129,0.4865378783977847,UP,0.5401162505149841,0.45988374948501587
300,5,0.05,1.0,1.0,0.5,1.0,0.7781698531782129,0.4865378783977847,UP,0.5401162505149841,0.45988374948501587
200,5,0.05,1.0,1.0,0.5,1.0,0.7781698531782129,0.4865378783977847,UP,0.5401162505149841,0.45988374948501587
100,3,0.03,1.0,1.0,0.0,1.0,0.778384592831205,0.5058117780333327,UP,0.5278477072715759,0.4721522927284241
200,3,0.03,1.0,1.0,0.0,1.0,0.778384592831205,0.5058117780333327,UP,0.5278477072715759,0.4721522927284241
300,3,0.03,1.0,1.0,0.0,1.0,0.778384592831205,0.5058117780333327,UP,0.5278477072715759,0.4721522927284241
200,3,0.01,1.0,1.0,0.0,3.0,0.7784327968459409,0.4865069577031822,UP,0.5222852826118469,0.4777147173881531
100,3,0.01,1.0,1.0,0.0,3.0,0.7784327968459409,0.4865069577031822,UP,0.5222852826118469,0.4777147173881531
300,3,0.01,1.0,1.0,0.0,3.0,0.7784327968459409,0.4865069577031822,UP,0.5222852826118469,0.4777147173881531
300,5,0.03,0.8,1.0,0.5,3.0,0.7784931167675928,0.49971627843736316,UP,0.5216120481491089,0.4783879518508911
100,5,0.03,0.8,1.0,0.5,3.0,0.7784931167675928,0.49971627843736316,UP,0.5216120481491089,0.4783879518508911
200,5,0.03,0.8,1.0,0.5,3.0,0.7784931167675928,0.49971627843736316,UP,0.5216120481491089,0.4783879518508911
100,5,0.01,0.8,1.0,0.5,1.0,0.7785024807433667,0.49058230525178953,UP,0.5167762637138367,0.48322373628616333
200,5,0.01,0.8,1.0,0.5,1.0,0.7785024807433667,0.49058230525178953,UP,0.5167762637138367,0.48322373628616333
300,5,0.01,0.8,1.0,0.5,1.0,0.7785024807433667,0.49058230525178953,UP,0.5167762637138367,0.48322373628616333
200,3,0.03,1.0,1.0,0.5,1.0,0.7785884314448165,0.45964305823254453,UP,0.5277430415153503,0.47225695848464966
300,3,0.03,1.0,1.0,0.5,1.0,0.7785884314448165,0.45964305823254453,UP,0.5277430415153503,0.47225695848464966
100,3,0.03,1.0,1.0,0.5,1.0,0.7785884314448165,0.45964305823254453,UP,0.5277430415153503,0.47225695848464966
100,3,0.01,1.0,1.0,0.5,3.0,0.7786057778211142,0.4865069577031822,UP,0.5222522020339966,0.4777477979660034
200,3,0.01,1.0,1.0,0.5,3.0,0.7786057778211142,0.4865069577031822,UP,0.5222522020339966,0.4777477979660034
300,3,0.01,1.0,1.0,0.5,3.0,0.7786057778211142,0.4865069577031822,UP,0.5222522020339966,0.4777477979660034
100,7,0.01,1.0,1.0,0.5,3.0,0.7786124677576012,0.4657488647267149,UP,0.5238131284713745,0.4761868715286255
200,7,0.01,1.0,1.0,0.5,3.0,0.7786124677576012,0.4657488647267149,UP,0.5238131284713745,0.4761868715286255
300,7,0.01,1.0,1.0,0.5,3.0,0.7786124677576012,0.4657488647267149,UP,0.5238131284713745,0.4761868715286255
200,5,0.03,1.0,1.0,0.5,3.0,0.7786427742207218,0.4895784133670289,UP,0.5311906933784485,0.4688093066215515
100,5,0.03,1.0,1.0,0.5,3.0,0.7786427742207218,0.4895784133670289,UP,0.5311906933784485,0.4688093066215515
300,5,0.03,1.0,1.0,0.5,3.0,0.7786427742207218,0.4895784133670289,UP,0.5311906933784485,0.4688093066215515
300,7,0.05,1.0,1.0,0.5,3.0,0.7787144688781857,0.49517093633079806,UP,0.5401579141616821,0.45984208583831787
200,7,0.05,1.0,1.0,0.5,3.0,0.7787144688781857,0.49517093633079806,UP,0.5401579141616821,0.45984208583831787
100,7,0.05,1.0,1.0,0.5,3.0,0.7787144688781857,0.49517093633079806,UP,0.5401579141616821,0.45984208583831787
300,3,0.05,1.0,1.0,0.0,1.0,0.7789425306435243,0.5154487278511068,UP,0.5332598686218262,0.46674013137817383
100,3,0.05,1.0,1.0,0.0,1.0,0.7789425306435243,0.5154487278511068,UP,0.5332598686218262,0.46674013137817383
200,3,0.05,1.0,1.0,0.0,1.0,0.7789425306435243,0.5154487278511068,UP,0.5332598686218262,0.46674013137817383
200,5,0.05,1.0,1.0,0.0,3.0,0.7789872219422747,0.47806973083598453,UP,0.5558329820632935,0.44416701793670654
300,5,0.05,1.0,1.0,0.0,3.0,0.7789872219422747,0.47806973083598453,UP,0.5558329820632935,0.44416701793670654
100,5,0.05,1.0,1.0,0.0,3.0,0.7789872219422747,0.47806973083598453,UP,0.5558329820632935,0.44416701793670654
300,3,0.03,1.0,1.0,0.0,3.0,0.7792666076702979,0.497174597341039,UP,0.527417004108429,0.47258299589157104
100,3,0.03,1.0,1.0,0.0,3.0,0.7792666076702979,0.497174597341039,UP,0.527417004108429,0.47258299589157104
200,3,0.03,1.0,1.0,0.0,3.0,0.7792666076702979,0.497174597341039,UP,0.527417004108429,0.47258299589157104
100,3,0.03,1.0,1.0,0.5,3.0,0.7795526514378509,0.4987020796544017,UP,0.5273178815841675,0.4726821184158325
300,3,0.03,1.0,1.0,0.5,3.0,0.7795526514378509,0.4987020796544017,UP,0.5273178815841675,0.4726821184158325
200,3,0.03,1.0,1.0,0.5,3.0,0.7795526514378509,0.4987020796544017,UP,0.5273178815841675,0.4726821184158325
100,5,0.05,0.8,1.0,0.0,3.0,0.7799148003904968,0.4769215423764123,UP,0.5104602575302124,0.4895397424697876
300,5,0.05,0.8,1.0,0.0,3.0,0.7799148003904968,0.4769215423764123,UP,0.5104602575302124,0.4895397424697876
200,5,0.05,0.8,1.0,0.0,3.0,0.7799148003904968,0.4769215423764123,UP,0.5104602575302124,0.4895397424697876
100,5,0.05,0.8,1.0,0.5,1.0,0.7800321763677234,0.4575342668606551,UP,0.5051009654998779,0.49489903450012207
200,5,0.05,0.8,1.0,0.5,1.0,0.7800321763677234,0.4575342668606551,UP,0.5051009654998779,0.49489903450012207
300,5,0.05,0.8,1.0,0.5,1.0,0.7800321763677234,0.4575342668606551,UP,0.5051009654998779,0.49489903450012207
100,5,0.05,0.8,1.0,0.5,3.0,0.7801587941459854,0.4819904749115795,UP,0.5110195279121399,0.4889804720878601
200,5,0.05,0.8,1.0,0.5,3.0,0.7801587941459854,0.4819904749115795,UP,0.5110195279121399,0.4889804720878601
300,5,0.05,0.8,1.0,0.5,3.0,0.7801587941459854,0.4819904749115795,UP,0.5110195279121399,0.4889804720878601
100,5,0.05,1.0,1.0,0.5,3.0,0.7801898829351713,0.48196367697625725,UP,0.5388219356536865,0.4611780643463135
300,5,0.05,1.0,1.0,0.5,3.0,0.7801898829351713,0.48196367697625725,UP,0.5388219356536865,0.4611780643463135
200,5,0.05,1.0,1.0,0.5,3.0,0.7801898829351713,0.48196367697625725,UP,0.5388219356536865,0.4611780643463135
100,3,0.05,1.0,0.7,0.5,3.0,0.7804239729153892,0.5272676480179961,UP,0.547817587852478,0.452182412147522
200,3,0.05,1.0,0.7,0.5,3.0,0.7804239729153892,0.5272676480179961,UP,0.547817587852478,0.452182412147522
300,3,0.05,1.0,0.7,0.5,3.0,0.7804239729153892,0.5272676480179961,UP,0.547817587852478,0.452182412147522
300,3,0.05,1.0,1.0,0.5,3.0,0.7807594474433043,0.5144510201052667,UP,0.5323780179023743,0.46762198209762573
200,3,0.05,1.0,1.0,0.5,3.0,0.7807594474433043,0.5144510201052667,UP,0.5323780179023743,0.46762198209762573
100,3,0.05,1.0,1.0,0.5,3.0,0.7807594474433043,0.5144510201052667,UP,0.5323780179023743,0.46762198209762573
100,5,0.05,1.0,1.0,0.0,1.0,0.7809597115742589,0.4855174954759027,UP,0.5403271317481995,0.45967286825180054
300,5,0.05,1.0,1.0,0.0,1.0,0.7809597115742589,0.4855174954759027,UP,0.5403271317481995,0.45967286825180054
200,5,0.05,1.0,1.0,0.0,1.0,0.7809597115742589,0.4855174954759027,UP,0.5403271317481995,0.45967286825180054
300,3,0.05,1.0,1.0,0.0,3.0,0.7811026457526027,0.4804238263850536,UP,0.5325430035591125,0.46745699644088745
200,3,0.05,1.0,1.0,0.0,3.0,0.7811026457526027,0.4804238263850536,UP,0.5325430035591125,0.46745699644088745
100,3,0.05,1.0,1.0,0.0,3.0,0.7811026457526027,0.4804238263850536,UP,0.5325430035591125,0.46745699644088745
100,3,0.05,0.8,1.0,0.5,3.0,0.7817312691816599,0.48802619449798423,UP,0.5147650837898254,0.48523491621017456
300,3,0.05,0.8,1.0,0.5,3.0,0.7817312691816599,0.48802619449798423,UP,0.5147650837898254,0.48523491621017456
200,3,0.05,0.8,1.0,0.5,3.0,0.7817312691816599,0.48802619449798423,UP,0.5147650837898254,0.48523491621017456
100,3,0.05,0.8,1.0,0.0,3.0,0.7819935859552635,0.4712919145791201,UP,0.5146686434745789,0.48533135652542114
300,3,0.05,0.8,1.0,0.0,3.0,0.7819935859552635,0.4712919145791201,UP,0.5146686434745789,0.48533135652542114
200,3,0.05,0.8,1.0,0.0,3.0,0.7819935859552635,0.4712919145791201,UP,0.5146686434745789,0.48533135652542114
200,3,0.05,0.8,1.0,0.0,1.0,0.7826340289232161,0.4859977969320613,UP,0.5145077109336853,0.4854922890663147
300,3,0.05,0.8,1.0,0.0,1.0,0.7826340289232161,0.4859977969320613,UP,0.5145077109336853,0.4854922890663147
100,3,0.05,0.8,1.0,0.0,1.0,0.7826340289232161,0.4859977969320613,UP,0.5145077109336853,0.4854922890663147
300,3,0.05,0.8,1.0,0.5,1.0,0.78341943582619,0.4895474926724264,UP,0.5146071910858154,0.48539280891418457
200,3,0.05,0.8,1.0,0.5,1.0,0.78341943582619,0.4895474926724264,UP,0.5146071910858154,0.48539280891418457
100,3,0.05,0.8,1.0,0.5,1.0,0.78341943582619,0.4895474926724264,UP,0.5146071910858154,0.48539280891418457
