n_estimators,max_depth,learning_rate,subsample,colsample_bytree,reg_alpha,reg_lambda,avg_logloss,avg_accuracy,prediction,up_prob,down_prob
200,7,0.05,0.8,0.7,0.0,1.0,0.6903336197137833,0.5290528448553518,UP,0.535646915435791,0.464353084564209
100,7,0.05,0.8,0.7,0.0,1.0,0.6903336197137833,0.5290528448553518,UP,0.535646915435791,0.464353084564209
300,7,0.05,0.8,0.7,0.0,1.0,0.6903336197137833,0.5290528448553518,UP,0.535646915435791,0.464353084564209
100,3,0.05,0.6,0.7,0.0,3.0,0.6922318637371063,0.533974388746247,UP,0.5834227204322815,0.4165772795677185
300,3,0.05,0.6,0.7,0.0,3.0,0.6922318637371063,0.533974388746247,UP,0.5834227204322815,0.4165772795677185
200,3,0.05,0.6,0.7,0.0,3.0,0.6922318637371063,0.533974388746247,UP,0.5834227204322815,0.4165772795677185
200,7,0.05,0.8,0.7,0.5,3.0,0.6931510269641876,0.5305277619878902,UP,0.5208151936531067,0.4791848063468933
300,7,0.05,0.8,0.7,0.5,3.0,0.6931510269641876,0.5305277619878902,UP,0.5208151936531067,0.4791848063468933
100,7,0.05,0.8,0.7,0.5,3.0,0.6931510269641876,0.5305277619878902,UP,0.5208151936531067,0.4791848063468933
300,3,0.03,0.6,0.7,0.0,1.0,0.6940100491046906,0.5378240152242563,UP,0.5642415285110474,0.43575847148895264
200,3,0.03,0.6,0.7,0.0,1.0,0.6940100491046906,0.5378240152242563,UP,0.5642415285110474,0.43575847148895264
100,3,0.03,0.6,0.7,0.0,1.0,0.6940100491046906,0.5378240152242563,UP,0.5642415285110474,0.43575847148895264
300,7,0.05,0.8,0.7,0.0,3.0,0.6941568106412888,0.5308297541051745,UP,0.5635742545127869,0.43642574548721313
100,7,0.05,0.8,0.7,0.0,3.0,0.6941568106412888,0.5308297541051745,UP,0.5635742545127869,0.43642574548721313
200,7,0.05,0.8,0.7,0.0,3.0,0.6941568106412888,0.5308297541051745,UP,0.5635742545127869,0.43642574548721313
200,7,0.03,0.6,0.7,0.0,1.0,0.6945595592260361,0.5387743112383726,DOWN,0.4843860864639282,0.5156139135360718
100,7,0.03,0.6,0.7,0.0,1.0,0.6945595592260361,0.5387743112383726,DOWN,0.4843860864639282,0.5156139135360718
300,7,0.03,0.6,0.7,0.0,1.0,0.6945595592260361,0.5387743112383726,DOWN,0.4843860864639282,0.5156139135360718
300,3,0.05,0.6,0.7,0.5,3.0,0.6949989795684814,0.5266451534356383,UP,0.5769059062004089,0.42309409379959106
100,3,0.05,0.6,0.7,0.5,3.0,0.6949989795684814,0.5266451534356383,UP,0.5769059062004089,0.42309409379959106
200,3,0.05,0.6,0.7,0.5,3.0,0.6949989795684814,0.5266451534356383,UP,0.5769059062004089,0.42309409379959106
200,3,0.03,0.6,0.7,0.0,3.0,0.695382758975029,0.5333384531272559,UP,0.5539840459823608,0.44601595401763916
300,3,0.03,0.6,0.7,0.0,3.0,0.695382758975029,0.5333384531272559,UP,0.5539840459823608,0.44601595401763916
100,3,0.03,0.6,0.7,0.0,3.0,0.695382758975029,0.5333384531272559,UP,0.5539840459823608,0.44601595401763916
200,7,0.03,0.6,0.7,0.0,3.0,0.6956208795309067,0.5284911189034066,UP,0.5529488325119019,0.44705116748809814
300,7,0.03,0.6,0.7,0.0,3.0,0.6956208795309067,0.5284911189034066,UP,0.5529488325119019,0.44705116748809814
100,7,0.03,0.6,0.7,0.0,3.0,0.6956208795309067,0.5284911189034066,UP,0.5529488325119019,0.44705116748809814
300,5,0.05,0.6,0.7,0.5,1.0,0.6957753747701645,0.5128514315734705,UP,0.6298021078109741,0.3701978921890259
100,5,0.05,0.6,0.7,0.5,1.0,0.6957753747701645,0.5128514315734705,UP,0.6298021078109741,0.3701978921890259
200,5,0.05,0.6,0.7,0.5,1.0,0.6957753747701645,0.5128514315734705,UP,0.6298021078109741,0.3701978921890259
200,3,0.05,0.6,0.7,0.5,1.0,0.6961916238069534,0.5267379155194458,UP,0.5709686875343323,0.4290313124656677
300,3,0.05,0.6,0.7,0.5,1.0,0.6961916238069534,0.5267379155194458,UP,0.5709686875343323,0.4290313124656677
100,3,0.05,0.6,0.7,0.5,1.0,0.6961916238069534,0.5267379155194458,UP,0.5709686875343323,0.4290313124656677
200,5,0.05,0.6,1.0,0.0,1.0,0.6966276317834854,0.5117702379522036,DOWN,0.41507822275161743,0.5849217772483826
300,5,0.05,0.6,1.0,0.0,1.0,0.6966276317834854,0.5117702379522036,DOWN,0.41507822275161743,0.5849217772483826
100,5,0.05,0.6,1.0,0.0,1.0,0.6966276317834854,0.5117702379522036,DOWN,0.41507822275161743,0.5849217772483826
200,3,0.05,0.6,0.7,0.0,1.0,0.6971451342105865,0.5324489678125245,UP,0.6359074115753174,0.3640925884246826
300,3,0.05,0.6,0.7,0.0,1.0,0.6971451342105865,0.5324489678125245,UP,0.6359074115753174,0.3640925884246826
100,3,0.05,0.6,0.7,0.0,1.0,0.6971451342105865,0.5324489678125245,UP,0.6359074115753174,0.3640925884246826
100,3,0.03,0.6,0.7,0.5,1.0,0.6972465217113495,0.5174988119722237,UP,0.5649192333221436,0.43508076667785645
300,3,0.03,0.6,0.7,0.5,1.0,0.6972465217113495,0.5174988119722237,UP,0.5649192333221436,0.43508076667785645
200,3,0.03,0.6,0.7,0.5,1.0,0.6972465217113495,0.5174988119722237,UP,0.5649192333221436,0.43508076667785645
200,7,0.03,0.6,0.7,0.5,1.0,0.697308823466301,0.514750992911883,UP,0.5689172148704529,0.4310827851295471
300,7,0.03,0.6,0.7,0.5,1.0,0.697308823466301,0.514750992911883,UP,0.5689172148704529,0.4310827851295471
100,7,0.03,0.6,0.7,0.5,1.0,0.697308823466301,0.514750992911883,UP,0.5689172148704529,0.4310827851295471
200,5,0.05,0.8,0.7,0.5,1.0,0.6973607242107391,0.5194839205657031,DOWN,0.4588816463947296,0.5411183834075928
300,5,0.05,0.8,0.7,0.5,1.0,0.6973607242107391,0.5194839205657031,DOWN,0.4588816463947296,0.5411183834075928
100,5,0.05,0.8,0.7,0.5,1.0,0.6973607242107391,0.5194839205657031,DOWN,0.4588816463947296,0.5411183834075928
200,7,0.05,0.6,0.7,0.5,3.0,0.6973696947097778,0.5295249007929497,UP,0.5514936447143555,0.44850635528564453
300,7,0.05,0.6,0.7,0.5,3.0,0.6973696947097778,0.5295249007929497,UP,0.5514936447143555,0.44850635528564453
100,7,0.05,0.6,0.7,0.5,3.0,0.6973696947097778,0.5295249007929497,UP,0.5514936447143555,0.44850635528564453
100,7,0.03,0.6,0.7,0.5,3.0,0.6980398744344711,0.5389186078131841,UP,0.5924335718154907,0.4075664281845093
200,7,0.03,0.6,0.7,0.5,3.0,0.6980398744344711,0.5389186078131841,UP,0.5924335718154907,0.4075664281845093
300,7,0.03,0.6,0.7,0.5,3.0,0.6980398744344711,0.5389186078131841,UP,0.5924335718154907,0.4075664281845093
300,3,0.03,1.0,0.7,0.5,1.0,0.6983321905136108,0.53500920132561,UP,0.5297117233276367,0.4702882766723633
200,3,0.03,1.0,0.7,0.5,1.0,0.6983321905136108,0.53500920132561,UP,0.5297117233276367,0.4702882766723633
200,3,0.03,0.8,0.7,0.5,3.0,0.6984502375125885,0.5165248100922455,UP,0.5132456421852112,0.4867543578147888
100,3,0.03,0.8,0.7,0.5,3.0,0.6984502375125885,0.5165248100922455,UP,0.5132456421852112,0.4867543578147888
300,3,0.03,0.8,0.7,0.5,3.0,0.6984502375125885,0.5165248100922455,UP,0.5132456421852112,0.4867543578147888
200,7,0.05,0.8,0.7,0.5,1.0,0.6984858959913254,0.5252495994192463,UP,0.5569729208946228,0.4430270791053772
300,7,0.05,0.8,0.7,0.5,1.0,0.6984858959913254,0.5252495994192463,UP,0.5569729208946228,0.4430270791053772
100,7,0.05,0.8,0.7,0.5,1.0,0.6984858959913254,0.5252495994192463,UP,0.5569729208946228,0.4430270791053772
100,5,0.05,0.8,0.7,0.0,3.0,0.6985369920730591,0.5244219554937197,DOWN,0.48731040954589844,0.5126895904541016
200,5,0.05,0.8,0.7,0.0,3.0,0.6985369920730591,0.5244219554937197,DOWN,0.48731040954589844,0.5126895904541016
300,5,0.05,0.8,0.7,0.0,3.0,0.6985369920730591,0.5244219554937197,DOWN,0.48731040954589844,0.5126895904541016
100,3,0.03,0.8,0.7,0.0,1.0,0.698679119348526,0.5274583677036836,DOWN,0.48821792006492615,0.5117820501327515
300,3,0.03,0.8,0.7,0.0,1.0,0.698679119348526,0.5274583677036836,DOWN,0.48821792006492615,0.5117820501327515
200,3,0.03,0.8,0.7,0.0,1.0,0.698679119348526,0.5274583677036836,DOWN,0.48821792006492615,0.5117820501327515
100,7,0.05,0.6,0.7,0.0,1.0,0.6986967176198959,0.5274542449444033,UP,0.5337291359901428,0.4662708640098572
200,7,0.05,0.6,0.7,0.0,1.0,0.6986967176198959,0.5274542449444033,UP,0.5337291359901428,0.4662708640098572
300,7,0.05,0.6,0.7,0.0,1.0,0.6986967176198959,0.5274542449444033,UP,0.5337291359901428,0.4662708640098572
100,5,0.03,0.8,0.7,0.0,1.0,0.698864683508873,0.5130884902320895,DOWN,0.401824027299881,0.5981760025024414
200,5,0.03,0.8,0.7,0.0,1.0,0.698864683508873,0.5130884902320895,DOWN,0.401824027299881,0.5981760025024414
300,5,0.03,0.8,0.7,0.0,1.0,0.698864683508873,0.5130884902320895,DOWN,0.401824027299881,0.5981760025024414
100,3,0.03,1.0,0.7,0.5,1.0,0.6989357322454453,0.540037936957794,UP,0.5509616136550903,0.44903838634490967
200,5,0.05,0.8,0.7,0.0,1.0,0.69899682700634,0.524810525555891,DOWN,0.4631754755973816,0.5368245244026184
100,5,0.05,0.8,0.7,0.0,1.0,0.69899682700634,0.524810525555891,DOWN,0.4631754755973816,0.5368245244026184
300,5,0.05,0.8,0.7,0.0,1.0,0.69899682700634,0.524810525555891,DOWN,0.4631754755973816,0.5368245244026184
300,3,0.03,0.6,0.7,0.5,3.0,0.6994318068027496,0.5280819350448337,UP,0.5050939917564392,0.4949060082435608
200,3,0.03,0.6,0.7,0.5,3.0,0.6994318068027496,0.5280819350448337,UP,0.5050939917564392,0.4949060082435608
200,7,0.03,0.8,0.7,0.5,3.0,0.6996519863605499,0.4975673322314628,UP,0.5235485434532166,0.47645145654678345
300,7,0.03,0.8,0.7,0.5,3.0,0.6996519863605499,0.4975673322314628,UP,0.5235485434532166,0.47645145654678345
100,7,0.03,0.8,0.7,0.5,3.0,0.6996519863605499,0.4975673322314628,UP,0.5235485434532166,0.47645145654678345
100,3,0.03,0.8,0.7,0.0,3.0,0.6997782737016678,0.517365852985433,DOWN,0.49941083788871765,0.50058913230896
300,3,0.03,0.8,0.7,0.0,3.0,0.6997782737016678,0.517365852985433,DOWN,0.49941083788871765,0.50058913230896
200,3,0.03,0.8,0.7,0.0,3.0,0.6997782737016678,0.517365852985433,DOWN,0.49941083788871765,0.50058913230896
200,7,0.03,0.6,1.0,0.0,1.0,0.6997978091239929,0.5032268500335374,UP,0.5363399386405945,0.4636600613594055
300,7,0.03,0.6,1.0,0.0,1.0,0.6997978091239929,0.5032268500335374,UP,0.5363399386405945,0.4636600613594055
100,7,0.03,0.6,1.0,0.0,1.0,0.6997978091239929,0.5032268500335374,UP,0.5363399386405945,0.4636600613594055
200,5,0.03,0.8,0.7,0.5,3.0,0.699982762336731,0.5222647217002865,UP,0.507513165473938,0.492486834526062
300,5,0.03,0.8,0.7,0.5,3.0,0.699982762336731,0.5222647217002865,UP,0.507513165473938,0.492486834526062
200,7,0.05,0.8,1.0,0.0,3.0,0.7001065760850906,0.5082009591052569,UP,0.525201678276062,0.474798321723938
300,7,0.05,0.8,1.0,0.0,3.0,0.7001065760850906,0.5082009591052569,UP,0.525201678276062,0.474798321723938
100,7,0.05,0.8,1.0,0.0,3.0,0.7001065760850906,0.5082009591052569,UP,0.525201678276062,0.474798321723938
100,5,0.03,0.8,0.7,0.5,3.0,0.7001282125711441,0.5202322013750833,UP,0.507513165473938,0.492486834526062
200,3,0.05,0.8,1.0,0.0,1.0,0.7001496702432632,0.5031876838203742,UP,0.5426689982414246,0.45733100175857544
300,3,0.05,0.8,1.0,0.0,1.0,0.7001496702432632,0.5031876838203742,UP,0.5426689982414246,0.45733100175857544
100,3,0.05,0.8,1.0,0.0,1.0,0.7001496702432632,0.5031876838203742,UP,0.5426689982414246,0.45733100175857544
100,7,0.05,0.6,1.0,0.5,3.0,0.7002528607845306,0.5389330374706653,DOWN,0.4993881285190582,0.5006119012832642
300,7,0.05,0.6,1.0,0.5,3.0,0.7002528607845306,0.5389330374706653,DOWN,0.4993881285190582,0.5006119012832642
200,7,0.05,0.6,1.0,0.5,3.0,0.7002528607845306,0.5389330374706653,DOWN,0.4993881285190582,0.5006119012832642
300,3,0.05,0.8,0.7,0.0,3.0,0.7003866881132126,0.529193018670883,UP,0.574077844619751,0.425922155380249
100,3,0.05,0.8,0.7,0.0,3.0,0.7003866881132126,0.529193018670883,UP,0.574077844619751,0.425922155380249
200,3,0.05,0.8,0.7,0.0,3.0,0.7003866881132126,0.529193018670883,UP,0.574077844619751,0.425922155380249
300,5,0.05,0.6,1.0,0.0,3.0,0.7003990858793259,0.5033412566035665,UP,0.5391920804977417,0.4608079195022583
100,5,0.05,0.6,1.0,0.0,3.0,0.7003990858793259,0.5033412566035665,UP,0.5391920804977417,0.4608079195022583
200,5,0.05,0.6,1.0,0.0,3.0,0.7003990858793259,0.5033412566035665,UP,0.5391920804977417,0.4608079195022583
300,5,0.05,0.8,0.7,0.5,3.0,0.7004927396774292,0.5168876129089146,DOWN,0.47845160961151123,0.5215483903884888
200,5,0.05,0.8,0.7,0.5,3.0,0.7004927396774292,0.5168876129089146,DOWN,0.47845160961151123,0.5215483903884888
100,5,0.05,0.8,0.7,0.5,3.0,0.7004927396774292,0.5168876129089146,DOWN,0.47845160961151123,0.5215483903884888
100,3,0.03,0.6,0.7,0.5,3.0,0.7005043774843216,0.5209681139066223,UP,0.5050939917564392,0.4949060082435608
300,5,0.05,0.6,0.7,0.0,1.0,0.7005311548709869,0.4999502870954942,UP,0.6097433567047119,0.3902566432952881
100,5,0.05,0.6,0.7,0.0,1.0,0.7005311548709869,0.4999502870954942,UP,0.6097433567047119,0.3902566432952881
200,5,0.05,0.6,0.7,0.0,1.0,0.7005311548709869,0.4999502870954942,UP,0.6097433567047119,0.3902566432952881
200,5,0.03,0.6,0.7,0.5,3.0,0.7005628198385239,0.5167484697832034,UP,0.5394143462181091,0.46058565378189087
300,5,0.03,0.6,0.7,0.5,3.0,0.7005628198385239,0.5167484697832034,UP,0.5394143462181091,0.46058565378189087
100,5,0.03,0.6,0.7,0.5,3.0,0.7005628198385239,0.5167484697832034,UP,0.5394143462181091,0.46058565378189087
100,3,0.03,0.8,0.7,0.5,1.0,0.7007161378860474,0.5282994105968712,UP,0.524651825428009,0.47534817457199097
300,3,0.03,0.8,0.7,0.5,1.0,0.7007161378860474,0.5282994105968712,UP,0.524651825428009,0.47534817457199097
200,3,0.03,0.8,0.7,0.5,1.0,0.7007161378860474,0.5282994105968712,UP,0.524651825428009,0.47534817457199097
200,7,0.03,0.6,1.0,0.5,3.0,0.7007445096969604,0.5306978258082039,UP,0.5310397744178772,0.4689602255821228
300,7,0.03,0.6,1.0,0.5,3.0,0.7007445096969604,0.5306978258082039,UP,0.5310397744178772,0.4689602255821228
100,7,0.03,0.6,1.0,0.5,3.0,0.7007445096969604,0.5306978258082039,UP,0.5310397744178772,0.4689602255821228
100,7,0.01,0.6,0.7,0.5,1.0,0.7008684575557709,0.526192680604622,UP,0.5342376828193665,0.46576231718063354
200,7,0.01,0.6,0.7,0.5,1.0,0.7008684575557709,0.526192680604622,UP,0.5342376828193665,0.46576231718063354
300,7,0.01,0.6,0.7,0.5,1.0,0.7008684575557709,0.526192680604622,UP,0.5342376828193665,0.46576231718063354
100,5,0.03,0.6,0.7,0.5,1.0,0.7008940875530243,0.4972395728686765,UP,0.5547956824302673,0.44520431756973267
200,5,0.03,0.6,0.7,0.5,1.0,0.7008940875530243,0.4972395728686765,UP,0.5547956824302673,0.44520431756973267
300,5,0.03,0.6,0.7,0.5,1.0,0.7008940875530243,0.4972395728686765,UP,0.5547956824302673,0.44520431756973267
200,7,0.01,0.6,0.7,0.0,1.0,0.7009039670228958,0.5207413621462041,UP,0.5054089426994324,0.4945910573005676
300,7,0.01,0.6,0.7,0.0,1.0,0.7009039670228958,0.5207413621462041,UP,0.5054089426994324,0.4945910573005676
100,7,0.05,0.6,0.7,0.5,1.0,0.7009635716676712,0.515784774801426,UP,0.5119857788085938,0.48801422119140625
300,7,0.05,0.6,0.7,0.5,1.0,0.7009635716676712,0.515784774801426,UP,0.5119857788085938,0.48801422119140625
200,7,0.05,0.6,0.7,0.5,1.0,0.7009635716676712,0.515784774801426,UP,0.5119857788085938,0.48801422119140625
200,7,0.01,0.6,1.0,0.0,1.0,0.7010772079229355,0.5261246550764965,UP,0.5264115333557129,0.4735884666442871
300,7,0.01,0.6,1.0,0.0,1.0,0.7010772079229355,0.5261246550764965,UP,0.5264115333557129,0.4735884666442871
300,3,0.05,0.8,0.7,0.5,1.0,0.7010945677757263,0.5162795059150658,UP,0.5511378049850464,0.4488621950149536
200,3,0.05,0.8,0.7,0.5,1.0,0.7010945677757263,0.5162795059150658,UP,0.5511378049850464,0.4488621950149536
100,3,0.05,0.8,0.7,0.5,1.0,0.7010945677757263,0.5162795059150658,UP,0.5511378049850464,0.4488621950149536
300,5,0.03,0.8,0.7,0.5,1.0,0.7011415660381317,0.511003404726062,DOWN,0.4542142152786255,0.5457857847213745
100,5,0.03,0.8,0.7,0.5,1.0,0.7011415660381317,0.511003404726062,DOWN,0.4542142152786255,0.5457857847213745
200,5,0.03,0.8,0.7,0.5,1.0,0.7011415660381317,0.511003404726062,DOWN,0.4542142152786255,0.5457857847213745
100,7,0.05,0.6,1.0,0.0,1.0,0.7012013494968414,0.529666105298301,DOWN,0.4894530177116394,0.5105469822883606
300,7,0.05,0.6,1.0,0.0,1.0,0.7012013494968414,0.529666105298301,DOWN,0.4894530177116394,0.5105469822883606
200,7,0.05,0.6,1.0,0.0,1.0,0.7012013494968414,0.529666105298301,DOWN,0.4894530177116394,0.5105469822883606
300,3,0.05,0.8,1.0,0.5,1.0,0.7013245820999146,0.5062364643081791,UP,0.5526466369628906,0.4473533630371094
200,3,0.05,0.8,1.0,0.5,1.0,0.7013245820999146,0.5062364643081791,UP,0.5526466369628906,0.4473533630371094
100,3,0.05,0.8,1.0,0.5,1.0,0.7013245820999146,0.5062364643081791,UP,0.5526466369628906,0.4473533630371094
200,7,0.03,0.8,0.7,0.0,1.0,0.7013808637857437,0.5112332485559404,UP,0.510485053062439,0.48951494693756104
300,7,0.03,0.8,0.7,0.0,1.0,0.7013808637857437,0.5112332485559404,UP,0.510485053062439,0.48951494693756104
100,7,0.03,0.8,0.7,0.0,1.0,0.7013808637857437,0.5112332485559404,UP,0.510485053062439,0.48951494693756104
200,3,0.05,0.8,0.7,0.5,3.0,0.7013912945985794,0.5258989340058984,UP,0.5151791572570801,0.4848208427429199
300,3,0.05,0.8,0.7,0.5,3.0,0.7013912945985794,0.5258989340058984,UP,0.5151791572570801,0.4848208427429199
100,3,0.05,0.8,0.7,0.5,3.0,0.7013912945985794,0.5258989340058984,UP,0.5151791572570801,0.4848208427429199
100,3,0.05,0.6,1.0,0.0,1.0,0.7014646083116531,0.5249692517881838,UP,0.5294010043144226,0.4705989956855774
200,3,0.05,0.6,1.0,0.0,1.0,0.7014646083116531,0.5249692517881838,UP,0.5294010043144226,0.4705989956855774
300,3,0.05,0.6,1.0,0.0,1.0,0.7014646083116531,0.5249692517881838,UP,0.5294010043144226,0.4705989956855774
200,5,0.03,0.6,0.7,0.0,1.0,0.7014851570129395,0.5009325344940332,UP,0.58740234375,0.41259765625
100,5,0.03,0.6,0.7,0.0,1.0,0.7014851570129395,0.5009325344940332,UP,0.58740234375,0.41259765625
300,5,0.03,0.6,0.7,0.0,1.0,0.7014851570129395,0.5009325344940332,UP,0.58740234375,0.41259765625
300,5,0.01,0.6,0.7,0.0,1.0,0.7015286087989807,0.5285673899500927,UP,0.5344201326370239,0.4655798673629761
200,5,0.01,0.6,0.7,0.0,1.0,0.7015286087989807,0.5285673899500927,UP,0.5344201326370239,0.4655798673629761
100,5,0.03,0.6,1.0,0.5,1.0,0.7018304914236069,0.5017003984099948,UP,0.5040155053138733,0.4959844946861267
300,5,0.03,0.6,1.0,0.5,1.0,0.7018304914236069,0.5017003984099948,UP,0.5040155053138733,0.4959844946861267
200,5,0.03,0.6,1.0,0.5,1.0,0.7018304914236069,0.5017003984099948,UP,0.5040155053138733,0.4959844946861267
200,5,0.01,0.6,0.7,0.0,3.0,0.7023308426141739,0.5143222259467285,UP,0.5624438524246216,0.4375561475753784
300,5,0.01,0.6,0.7,0.0,3.0,0.7023308426141739,0.5143222259467285,UP,0.5624438524246216,0.4375561475753784
300,3,0.03,0.6,1.0,0.0,1.0,0.7024389207363129,0.49738490013330816,UP,0.5055556297302246,0.4944443702697754
200,3,0.03,0.6,1.0,0.0,1.0,0.7024389207363129,0.49738490013330816,UP,0.5055556297302246,0.4944443702697754
100,3,0.03,0.6,1.0,0.0,1.0,0.7024389207363129,0.49738490013330816,UP,0.5055556297302246,0.4944443702697754
100,5,0.03,0.6,1.0,0.5,3.0,0.7026060372591019,0.5304648899088651,UP,0.5603443384170532,0.4396556615829468
200,5,0.03,0.6,1.0,0.5,3.0,0.7026060372591019,0.5304648899088651,UP,0.5603443384170532,0.4396556615829468
300,5,0.03,0.6,1.0,0.5,3.0,0.7026060372591019,0.5304648899088651,UP,0.5603443384170532,0.4396556615829468
200,3,0.03,0.8,1.0,0.5,3.0,0.7026270031929016,0.49397125544919396,UP,0.602636992931366,0.39736300706863403
300,3,0.03,0.8,1.0,0.5,3.0,0.7026270031929016,0.49397125544919396,UP,0.602636992931366,0.39736300706863403
100,3,0.03,0.8,1.0,0.5,3.0,0.7026270031929016,0.49397125544919396,UP,0.602636992931366,0.39736300706863403
200,7,0.01,0.6,1.0,0.5,3.0,0.7027239352464676,0.5181533000079763,UP,0.5209789276123047,0.4790210723876953
300,7,0.01,0.6,1.0,0.5,3.0,0.7027239352464676,0.5181533000079763,UP,0.5209789276123047,0.4790210723876953
200,7,0.01,0.6,0.7,0.0,3.0,0.7027357816696167,0.526528685485969,UP,0.5506799817085266,0.4493200182914734
300,7,0.01,0.6,0.7,0.0,3.0,0.7027357816696167,0.526528685485969,UP,0.5506799817085266,0.4493200182914734
300,7,0.03,0.8,1.0,0.5,3.0,0.7027851343154907,0.5057541014723803,UP,0.5226466059684753,0.47735339403152466
200,7,0.03,0.8,1.0,0.5,3.0,0.7027851343154907,0.5057541014723803,UP,0.5226466059684753,0.47735339403152466
100,7,0.03,0.8,1.0,0.5,3.0,0.7027851343154907,0.5057541014723803,UP,0.5226466059684753,0.47735339403152466
200,5,0.01,0.6,1.0,0.0,1.0,0.7028034329414368,0.528981727257766,DOWN,0.4913797378540039,0.5086202621459961
300,5,0.01,0.6,1.0,0.0,1.0,0.7028034329414368,0.528981727257766,DOWN,0.4913797378540039,0.5086202621459961
100,7,0.01,0.6,0.7,0.0,1.0,0.7028590738773346,0.5176925816583993,UP,0.5054089426994324,0.4945910573005676
300,5,0.01,0.6,0.7,0.5,1.0,0.7028964757919312,0.5211237480694549,UP,0.5470644235610962,0.4529355764389038
200,5,0.01,0.6,0.7,0.5,1.0,0.7028964757919312,0.5211237480694549,UP,0.5470644235610962,0.4529355764389038
300,5,0.03,0.8,0.7,0.0,3.0,0.7029059529304504,0.5165897435509107,DOWN,0.4830724895000458,0.5169274806976318
200,5,0.03,0.8,0.7,0.0,3.0,0.7029059529304504,0.5165897435509107,DOWN,0.4830724895000458,0.5169274806976318
100,5,0.03,0.8,0.7,0.0,3.0,0.7029059529304504,0.5165897435509107,DOWN,0.4830724895000458,0.5169274806976318
100,3,0.05,0.6,1.0,0.5,3.0,0.7029307037591934,0.5087008436679971,UP,0.5892760753631592,0.4107239246368408
300,3,0.05,0.6,1.0,0.5,3.0,0.7029307037591934,0.5087008436679971,UP,0.5892760753631592,0.4107239246368408
200,3,0.05,0.6,1.0,0.5,3.0,0.7029307037591934,0.5087008436679971,UP,0.5892760753631592,0.4107239246368408
200,5,0.03,0.6,1.0,0.0,1.0,0.7030305117368698,0.4964397575682923,DOWN,0.4245705008506775,0.5754294991493225
100,5,0.03,0.6,1.0,0.0,1.0,0.7030305117368698,0.4964397575682923,DOWN,0.4245705008506775,0.5754294991493225
300,5,0.03,0.6,1.0,0.0,1.0,0.7030305117368698,0.4964397575682923,DOWN,0.4245705008506775,0.5754294991493225
200,3,0.05,0.8,1.0,0.0,3.0,0.7030514776706696,0.49037930142620545,UP,0.602912187576294,0.39708781242370605
300,3,0.05,0.8,1.0,0.0,3.0,0.7030514776706696,0.49037930142620545,UP,0.602912187576294,0.39708781242370605
100,3,0.05,0.8,1.0,0.0,3.0,0.7030514776706696,0.49037930142620545,UP,0.602912187576294,0.39708781242370605
200,7,0.03,0.8,0.7,0.5,1.0,0.7031112164258957,0.5056953521526356,UP,0.5441938042640686,0.4558061957359314
100,7,0.03,0.8,0.7,0.5,1.0,0.7031112164258957,0.5056953521526356,UP,0.5441938042640686,0.4558061957359314
300,7,0.03,0.8,0.7,0.5,1.0,0.7031112164258957,0.5056953521526356,UP,0.5441938042640686,0.4558061957359314
100,7,0.03,0.8,1.0,0.0,3.0,0.7031311243772507,0.5143387169838499,DOWN,0.49059492349624634,0.5094050765037537
200,7,0.03,0.8,1.0,0.0,3.0,0.7031311243772507,0.5143387169838499,DOWN,0.49059492349624634,0.5094050765037537
300,7,0.03,0.8,1.0,0.0,3.0,0.7031311243772507,0.5143387169838499,DOWN,0.49059492349624634,0.5094050765037537
300,5,0.05,0.8,1.0,0.5,1.0,0.7032469809055328,0.5064456943416559,UP,0.600080132484436,0.39991986751556396
200,5,0.05,0.8,1.0,0.5,1.0,0.7032469809055328,0.5064456943416559,UP,0.600080132484436,0.39991986751556396
100,5,0.05,0.8,1.0,0.5,1.0,0.7032469809055328,0.5064456943416559,UP,0.600080132484436,0.39991986751556396
300,3,0.05,0.6,1.0,0.5,1.0,0.7033715844154358,0.5233314856640722,DOWN,0.4981285333633423,0.5018714666366577
100,3,0.05,0.6,1.0,0.5,1.0,0.7033715844154358,0.5233314856640722,DOWN,0.4981285333633423,0.5018714666366577
200,3,0.05,0.6,1.0,0.5,1.0,0.7033715844154358,0.5233314856640722,DOWN,0.4981285333633423,0.5018714666366577
100,7,0.05,0.6,1.0,0.0,3.0,0.7034419625997543,0.5327994023513526,UP,0.5373178124427795,0.46268218755722046
300,7,0.05,0.6,1.0,0.0,3.0,0.7034419625997543,0.5327994023513526,UP,0.5373178124427795,0.46268218755722046
200,7,0.05,0.6,1.0,0.0,3.0,0.7034419625997543,0.5327994023513526,UP,0.5373178124427795,0.46268218755722046
200,7,0.05,0.6,1.0,0.5,1.0,0.7034789621829987,0.5281530526424194,DOWN,0.44812580943107605,0.5518741607666016
100,7,0.05,0.6,1.0,0.5,1.0,0.7034789621829987,0.5281530526424194,DOWN,0.44812580943107605,0.5518741607666016
300,7,0.05,0.6,1.0,0.5,1.0,0.7034789621829987,0.5281530526424194,DOWN,0.44812580943107605,0.5518741607666016
200,7,0.03,1.0,0.7,0.0,3.0,0.703516885638237,0.4772493438081709,UP,0.542536199092865,0.457463800907135
300,7,0.03,1.0,0.7,0.0,3.0,0.703516885638237,0.4772493438081709,UP,0.542536199092865,0.457463800907135
100,7,0.03,1.0,0.7,0.0,3.0,0.703516885638237,0.4772493438081709,UP,0.542536199092865,0.457463800907135
300,7,0.01,0.6,0.7,0.5,3.0,0.7035350799560547,0.5159981275941832,UP,0.546634316444397,0.453365683555603
200,7,0.01,0.6,0.7,0.5,3.0,0.7035350799560547,0.5159981275941832,UP,0.546634316444397,0.453365683555603
100,7,0.05,0.8,1.0,0.5,3.0,0.703593373298645,0.49893814969217287,UP,0.5510529279708862,0.44894707202911377
200,7,0.05,0.8,1.0,0.5,3.0,0.703593373298645,0.49893814969217287,UP,0.5510529279708862,0.44894707202911377
300,7,0.05,0.8,1.0,0.5,3.0,0.703593373298645,0.49893814969217287,UP,0.5510529279708862,0.44894707202911377
200,7,0.05,0.6,0.7,0.0,3.0,0.7035934180021286,0.5226955500450812,UP,0.5437963604927063,0.4562036395072937
100,7,0.05,0.6,0.7,0.0,3.0,0.7035934180021286,0.5226955500450812,UP,0.5437963604927063,0.4562036395072937
300,7,0.05,0.6,0.7,0.0,3.0,0.7035934180021286,0.5226955500450812,UP,0.5437963604927063,0.4562036395072937
300,5,0.05,0.8,1.0,0.0,3.0,0.7036253660917282,0.4784892636617304,UP,0.5282593369483948,0.4717406630516052
200,5,0.05,0.8,1.0,0.0,3.0,0.7036253660917282,0.4784892636617304,UP,0.5282593369483948,0.4717406630516052
100,5,0.05,0.8,1.0,0.0,3.0,0.7036253660917282,0.4784892636617304,UP,0.5282593369483948,0.4717406630516052
100,3,0.03,1.0,0.7,0.5,3.0,0.7037107050418854,0.5179564382523404,UP,0.5563753843307495,0.4436246156692505
300,3,0.03,1.0,0.7,0.5,3.0,0.7037107050418854,0.5179564382523404,UP,0.5563753843307495,0.4436246156692505
200,3,0.03,1.0,0.7,0.5,3.0,0.7037107050418854,0.5179564382523404,UP,0.5563753843307495,0.4436246156692505
300,3,0.03,1.0,0.7,0.0,3.0,0.7037733346223831,0.5240354468111887,UP,0.5202558040618896,0.47974419593811035
200,3,0.03,1.0,0.7,0.0,3.0,0.7037733346223831,0.5240354468111887,UP,0.5202558040618896,0.47974419593811035
100,3,0.05,1.0,0.7,0.0,3.0,0.7038192003965378,0.5073052896516049,UP,0.6128321290016174,0.38716787099838257
300,3,0.05,1.0,0.7,0.0,3.0,0.7038192003965378,0.5073052896516049,UP,0.6128321290016174,0.38716787099838257
200,3,0.05,1.0,0.7,0.0,3.0,0.7038192003965378,0.5073052896516049,UP,0.6128321290016174,0.38716787099838257
300,7,0.01,0.6,1.0,0.5,1.0,0.7038196474313736,0.526864690367316,UP,0.5361877679824829,0.4638122320175171
200,7,0.01,0.6,1.0,0.5,1.0,0.7038196474313736,0.526864690367316,UP,0.5361877679824829,0.4638122320175171
200,3,0.01,0.6,0.7,0.5,1.0,0.7038621455430984,0.5199539151236608,UP,0.5291726589202881,0.4708273410797119
300,3,0.01,0.6,0.7,0.5,1.0,0.7038621455430984,0.5199539151236608,UP,0.5291726589202881,0.4708273410797119
300,3,0.01,0.6,0.7,0.0,1.0,0.7039385139942169,0.519358176407653,UP,0.5242512822151184,0.4757487177848816
200,3,0.01,0.6,0.7,0.0,1.0,0.7039385139942169,0.519358176407653,UP,0.5242512822151184,0.4757487177848816
100,5,0.01,0.6,1.0,0.0,1.0,0.7039451003074646,0.5299979874203676,DOWN,0.4913797378540039,0.5086202621459961
300,5,0.05,0.6,0.7,0.5,3.0,0.7039887458086014,0.5175699295698094,UP,0.6441988945007324,0.3558011054992676
100,5,0.05,0.6,0.7,0.5,3.0,0.7039887458086014,0.5175699295698094,UP,0.6441988945007324,0.3558011054992676
200,5,0.05,0.6,0.7,0.5,3.0,0.7039887458086014,0.5175699295698094,UP,0.6441988945007324,0.3558011054992676
100,7,0.01,0.6,1.0,0.5,1.0,0.7040489464998245,0.526864690367316,UP,0.5361877679824829,0.4638122320175171
100,5,0.01,0.6,0.7,0.0,1.0,0.7041547298431396,0.5204373086492797,UP,0.5344201326370239,0.4655798673629761
300,7,0.01,0.6,1.0,0.0,3.0,0.7041931599378586,0.5055582704065646,UP,0.5147668123245239,0.4852331876754761
200,7,0.01,0.6,1.0,0.0,3.0,0.7041931599378586,0.5055582704065646,UP,0.5147668123245239,0.4852331876754761
100,7,0.01,0.6,1.0,0.0,1.0,0.7042240500450134,0.5261246550764965,UP,0.5264115333557129,0.4735884666442871
300,5,0.05,0.6,1.0,0.5,1.0,0.7042556256055832,0.48719240850250944,UP,0.5098810791969299,0.49011892080307007
100,5,0.05,0.6,1.0,0.5,1.0,0.7042556256055832,0.48719240850250944,UP,0.5098810791969299,0.49011892080307007
200,5,0.05,0.6,1.0,0.5,1.0,0.7042556256055832,0.48719240850250944,UP,0.5098810791969299,0.49011892080307007
100,5,0.03,0.6,0.7,0.0,3.0,0.7043109387159348,0.5044811995445782,UP,0.5893449187278748,0.41065508127212524
300,5,0.03,0.6,0.7,0.0,3.0,0.7043109387159348,0.5044811995445782,UP,0.5893449187278748,0.41065508127212524
200,5,0.03,0.6,0.7,0.0,3.0,0.7043109387159348,0.5044811995445782,UP,0.5893449187278748,0.41065508127212524
100,5,0.01,0.6,0.7,0.0,3.0,0.7043147087097168,0.4990783235077042,UP,0.5624438524246216,0.4375561475753784
300,3,0.05,0.8,0.7,0.0,1.0,0.7043583393096924,0.5226223710678553,UP,0.5344138145446777,0.46558618545532227
200,3,0.05,0.8,0.7,0.0,1.0,0.7043583393096924,0.5226223710678553,UP,0.5344138145446777,0.46558618545532227
100,3,0.05,0.8,0.7,0.0,1.0,0.7043583393096924,0.5226223710678553,UP,0.5344138145446777,0.46558618545532227
100,3,0.03,1.0,0.7,0.0,3.0,0.7044077068567276,0.5254722284203841,UP,0.5285475254058838,0.4714524745941162
200,3,0.05,1.0,0.7,0.5,1.0,0.7044136822223663,0.5134224337337963,DOWN,0.41814976930618286,0.5818502306938171
300,3,0.05,1.0,0.7,0.5,1.0,0.7044136822223663,0.5134224337337963,DOWN,0.41814976930618286,0.5818502306938171
100,3,0.05,1.0,0.7,0.5,1.0,0.7044136822223663,0.5134224337337963,DOWN,0.41814976930618286,0.5818502306938171
200,7,0.03,0.8,0.7,0.0,3.0,0.7045038640499115,0.5138512006989507,DOWN,0.4908474385738373,0.5091525316238403
300,7,0.03,0.8,0.7,0.0,3.0,0.7045038640499115,0.5138512006989507,DOWN,0.4908474385738373,0.5091525316238403
100,7,0.03,0.8,0.7,0.0,3.0,0.7045038640499115,0.5138512006989507,DOWN,0.4908474385738373,0.5091525316238403
100,7,0.01,0.6,0.7,0.0,3.0,0.7046319544315338,0.5224636448355625,UP,0.5506799817085266,0.4493200182914734
200,3,0.05,0.8,1.0,0.5,3.0,0.704687237739563,0.491220344319393,UP,0.6262428164482117,0.37375718355178833
100,3,0.05,0.8,1.0,0.5,3.0,0.704687237739563,0.491220344319393,UP,0.6262428164482117,0.37375718355178833
300,3,0.05,0.8,1.0,0.5,3.0,0.704687237739563,0.491220344319393,UP,0.6262428164482117,0.37375718355178833
200,3,0.03,0.8,1.0,0.0,1.0,0.7048323154449463,0.49828160027678015,UP,0.5397422313690186,0.46025776863098145
100,3,0.03,0.8,1.0,0.0,1.0,0.7048323154449463,0.49828160027678015,UP,0.5397422313690186,0.46025776863098145
300,3,0.03,0.8,1.0,0.0,1.0,0.7048323154449463,0.49828160027678015,UP,0.5397422313690186,0.46025776863098145
200,7,0.03,0.6,1.0,0.0,3.0,0.7048749774694443,0.5033288883257255,UP,0.5250159502029419,0.4749840497970581
300,7,0.03,0.6,1.0,0.0,3.0,0.7048749774694443,0.5033288883257255,UP,0.5250159502029419,0.4749840497970581
100,7,0.03,0.6,1.0,0.0,3.0,0.7048749774694443,0.5033288883257255,UP,0.5250159502029419,0.4749840497970581
100,5,0.01,0.6,0.7,0.5,1.0,0.7049448788166046,0.5119774066060403,UP,0.5470644235610962,0.4529355764389038
300,7,0.01,0.8,0.7,0.0,3.0,0.704968050122261,0.50711770410435,UP,0.5244587659835815,0.47554123401641846
200,7,0.01,0.8,0.7,0.0,3.0,0.704968050122261,0.50711770410435,UP,0.5244587659835815,0.47554123401641846
300,5,0.01,0.6,0.7,0.5,3.0,0.7049707323312759,0.5145046580448832,UP,0.5494694709777832,0.4505305290222168
200,5,0.01,0.6,0.7,0.5,3.0,0.7049707323312759,0.5145046580448832,UP,0.5494694709777832,0.4505305290222168
100,5,0.01,0.6,0.7,0.5,3.0,0.7049707323312759,0.5145046580448832,UP,0.5494694709777832,0.4505305290222168
100,7,0.01,0.6,1.0,0.5,3.0,0.7050710618495941,0.5140882593575697,UP,0.5209789276123047,0.4790210723876953
200,3,0.01,0.8,0.7,0.5,1.0,0.705193966627121,0.5072310799845591,UP,0.5397521257400513,0.46024787425994873
300,3,0.01,0.8,0.7,0.5,1.0,0.705193966627121,0.5072310799845591,UP,0.5397521257400513,0.46024787425994873
100,7,0.05,0.8,1.0,0.0,1.0,0.7052924185991287,0.4841642418111063,UP,0.5068036913871765,0.4931963086128235
300,7,0.05,0.8,1.0,0.0,1.0,0.7052924185991287,0.4841642418111063,UP,0.5068036913871765,0.4931963086128235
200,7,0.05,0.8,1.0,0.0,1.0,0.7052924185991287,0.4841642418111063,UP,0.5068036913871765,0.4931963086128235
100,7,0.01,0.8,0.7,0.0,1.0,0.7053110301494598,0.49866604757967103,UP,0.526750385761261,0.473249614238739
200,7,0.01,0.8,0.7,0.0,1.0,0.7053110301494598,0.49866604757967103,UP,0.526750385761261,0.473249614238739
300,7,0.01,0.8,0.7,0.0,1.0,0.7053110301494598,0.49866604757967103,UP,0.526750385761261,0.473249614238739
100,7,0.03,1.0,0.7,0.5,3.0,0.7053252011537552,0.48539694683592527,UP,0.5089218616485596,0.49107813835144043
200,7,0.03,1.0,0.7,0.5,3.0,0.7053252011537552,0.48539694683592527,UP,0.5089218616485596,0.49107813835144043
300,7,0.03,1.0,0.7,0.5,3.0,0.7053252011537552,0.48539694683592527,UP,0.5089218616485596,0.49107813835144043
300,3,0.03,0.8,1.0,0.0,3.0,0.7054709941148758,0.4866121301338029,UP,0.6208049058914185,0.37919509410858154
200,3,0.03,0.8,1.0,0.0,3.0,0.7054709941148758,0.4866121301338029,UP,0.6208049058914185,0.37919509410858154
100,3,0.01,0.6,0.7,0.5,1.0,0.7055171728134155,0.5199539151236608,UP,0.5291726589202881,0.4708273410797119
200,3,0.01,0.6,0.7,0.0,3.0,0.7056153863668442,0.5153457009380707,UP,0.5432143211364746,0.4567856788635254
300,3,0.01,0.6,0.7,0.0,3.0,0.7056153863668442,0.5153457009380707,UP,0.5432143211364746,0.4567856788635254
200,5,0.05,0.6,0.7,0.0,3.0,0.7056370377540588,0.49140792986664805,UP,0.6117971539497375,0.38820284605026245
100,5,0.05,0.6,0.7,0.0,3.0,0.7056370377540588,0.49140792986664805,UP,0.6117971539497375,0.38820284605026245
300,5,0.05,0.6,0.7,0.0,3.0,0.7056370377540588,0.49140792986664805,UP,0.6117971539497375,0.38820284605026245
100,3,0.01,0.6,0.7,0.0,1.0,0.7056933641433716,0.519358176407653,UP,0.5242512822151184,0.4757487177848816
300,3,0.03,0.6,1.0,0.5,1.0,0.7057003378868103,0.4937022454061524,UP,0.5261231064796448,0.4738768935203552
200,3,0.03,0.6,1.0,0.5,1.0,0.7057003378868103,0.4937022454061524,UP,0.5261231064796448,0.4738768935203552
100,3,0.03,0.6,1.0,0.5,1.0,0.7057003378868103,0.4937022454061524,UP,0.5261231064796448,0.4738768935203552
100,3,0.03,0.8,1.0,0.0,3.0,0.7057265043258667,0.4909224749613891,UP,0.6051955223083496,0.3948044776916504
100,7,0.01,0.6,0.7,0.5,3.0,0.7057951539754868,0.510916826781175,UP,0.546634316444397,0.453365683555603
200,3,0.05,1.0,0.7,0.5,3.0,0.7059171795845032,0.5088647233493901,UP,0.6307079195976257,0.36929208040237427
300,3,0.05,1.0,0.7,0.5,3.0,0.7059171795845032,0.5088647233493901,UP,0.6307079195976257,0.36929208040237427
100,3,0.05,1.0,0.7,0.5,3.0,0.7059171795845032,0.5088647233493901,UP,0.6307079195976257,0.36929208040237427
100,3,0.05,0.6,1.0,0.0,3.0,0.7059404253959656,0.511924841425216,UP,0.5026283264160156,0.4973716735839844
200,3,0.05,0.6,1.0,0.0,3.0,0.7059404253959656,0.511924841425216,UP,0.5026283264160156,0.4973716735839844
300,3,0.05,0.6,1.0,0.0,3.0,0.7059404253959656,0.511924841425216,UP,0.5026283264160156,0.4973716735839844
100,7,0.01,0.6,1.0,0.0,3.0,0.7059690654277802,0.5014932297561582,UP,0.5147668123245239,0.4852331876754761
300,7,0.03,0.6,1.0,0.5,1.0,0.7059961706399918,0.5057571935418407,UP,0.5369178056716919,0.4630821943283081
200,7,0.03,0.6,1.0,0.5,1.0,0.7059961706399918,0.5057571935418407,UP,0.5369178056716919,0.4630821943283081
100,7,0.03,0.6,1.0,0.5,1.0,0.7059961706399918,0.5057571935418407,UP,0.5369178056716919,0.4630821943283081
100,5,0.03,0.6,1.0,0.0,3.0,0.706108808517456,0.5051459944785315,UP,0.5050186514854431,0.4949813485145569
200,5,0.03,0.6,1.0,0.0,3.0,0.706108808517456,0.5051459944785315,UP,0.5050186514854431,0.4949813485145569
300,5,0.03,0.6,1.0,0.0,3.0,0.706108808517456,0.5051459944785315,UP,0.5050186514854431,0.4949813485145569
200,5,0.03,1.0,0.7,0.5,3.0,0.7061262726783752,0.46797828887652626,UP,0.5245632529258728,0.4754367470741272
100,5,0.03,1.0,0.7,0.5,3.0,0.7061262726783752,0.46797828887652626,UP,0.5245632529258728,0.4754367470741272
300,5,0.03,1.0,0.7,0.5,3.0,0.7061262726783752,0.46797828887652626,UP,0.5245632529258728,0.4754367470741272
100,3,0.01,0.8,0.7,0.5,1.0,0.7061757892370224,0.5057942983753636,UP,0.5364030599594116,0.4635969400405884
200,3,0.01,1.0,0.7,0.0,1.0,0.7062017023563385,0.4875985002916221,UP,0.5177252292633057,0.48227477073669434
300,3,0.01,1.0,0.7,0.0,1.0,0.7062017023563385,0.4875985002916221,UP,0.5177252292633057,0.48227477073669434
100,7,0.01,0.8,0.7,0.0,3.0,0.7063067853450775,0.50711770410435,UP,0.5244587659835815,0.47554123401641846
300,3,0.01,1.0,0.7,0.5,1.0,0.7065520137548447,0.4799755183822898,UP,0.522318959236145,0.477681040763855
200,3,0.01,1.0,0.7,0.5,1.0,0.7065520137548447,0.4799755183822898,UP,0.522318959236145,0.477681040763855
200,5,0.03,0.8,1.0,0.5,1.0,0.7066305726766586,0.5008737851742884,UP,0.546283483505249,0.453716516494751
100,5,0.03,0.8,1.0,0.5,1.0,0.7066305726766586,0.5008737851742884,UP,0.546283483505249,0.453716516494751
300,5,0.03,0.8,1.0,0.5,1.0,0.7066305726766586,0.5008737851742884,UP,0.546283483505249,0.453716516494751
200,5,0.05,0.6,1.0,0.5,3.0,0.7066741734743118,0.5166402473520948,DOWN,0.4372986853122711,0.5627013444900513
300,5,0.05,0.6,1.0,0.5,3.0,0.7066741734743118,0.5166402473520948,DOWN,0.4372986853122711,0.5627013444900513
100,5,0.05,0.6,1.0,0.5,3.0,0.7066741734743118,0.5166402473520948,DOWN,0.4372986853122711,0.5627013444900513
100,7,0.05,1.0,0.7,0.5,1.0,0.7066780179738998,0.49807546231276356,UP,0.5117365717887878,0.48826342821121216
200,7,0.05,1.0,0.7,0.5,1.0,0.7066780179738998,0.49807546231276356,UP,0.5117365717887878,0.48826342821121216
300,7,0.05,1.0,0.7,0.5,1.0,0.7066780179738998,0.49807546231276356,UP,0.5117365717887878,0.48826342821121216
200,7,0.03,0.8,1.0,0.0,1.0,0.7066836953163147,0.4734059014690821,UP,0.5140820741653442,0.48591792583465576
300,7,0.03,0.8,1.0,0.0,1.0,0.7066836953163147,0.4734059014690821,UP,0.5140820741653442,0.48591792583465576
100,7,0.03,0.8,1.0,0.0,1.0,0.7066836953163147,0.4734059014690821,UP,0.5140820741653442,0.48591792583465576
100,3,0.01,0.6,0.7,0.0,3.0,0.7069026380777359,0.5112806602876643,UP,0.5432143211364746,0.4567856788635254
200,5,0.01,0.8,1.0,0.0,1.0,0.7069380283355713,0.4921685789538691,UP,0.5213543772697449,0.4786456227302551
300,5,0.01,0.8,1.0,0.0,1.0,0.7069380283355713,0.4921685789538691,UP,0.5213543772697449,0.4786456227302551
200,3,0.01,0.6,0.7,0.5,3.0,0.7070520371198654,0.5124721377196799,UP,0.5366531014442444,0.4633468985557556
300,3,0.01,0.6,0.7,0.5,3.0,0.7070520371198654,0.5124721377196799,UP,0.5366531014442444,0.4633468985557556
200,3,0.03,1.0,0.7,0.0,1.0,0.7071793228387833,0.4982558330312781,UP,0.5250895023345947,0.4749104976654053
100,3,0.03,1.0,0.7,0.0,1.0,0.7071793228387833,0.4982558330312781,UP,0.5250895023345947,0.4749104976654053
300,3,0.03,1.0,0.7,0.0,1.0,0.7071793228387833,0.4982558330312781,UP,0.5250895023345947,0.4749104976654053
200,3,0.01,1.0,0.7,0.5,3.0,0.7071930766105652,0.4819997931889324,UP,0.5251305103302002,0.4748694896697998
300,3,0.01,1.0,0.7,0.5,3.0,0.7071930766105652,0.4819997931889324,UP,0.5251305103302002,0.4748694896697998
300,3,0.05,1.0,1.0,0.0,3.0,0.7072561830282211,0.5299454222395434,UP,0.5592408180236816,0.44075918197631836
200,3,0.05,1.0,1.0,0.0,3.0,0.7072561830282211,0.5299454222395434,UP,0.5592408180236816,0.44075918197631836
100,3,0.05,1.0,1.0,0.0,3.0,0.7072561830282211,0.5299454222395434,UP,0.5592408180236816,0.44075918197631836
300,7,0.01,0.8,0.7,0.5,1.0,0.7074390202760696,0.5136275410079928,UP,0.5224193930625916,0.47758060693740845
200,7,0.01,0.8,0.7,0.5,1.0,0.7074390202760696,0.5136275410079928,UP,0.5224193930625916,0.47758060693740845
100,7,0.01,0.8,0.7,0.5,1.0,0.7074390202760696,0.5136275410079928,UP,0.5224193930625916,0.47758060693740845
100,5,0.01,0.8,0.7,0.5,3.0,0.7075043022632599,0.5199539151236608,UP,0.5179433226585388,0.4820566773414612
200,5,0.01,0.8,0.7,0.5,3.0,0.7075043022632599,0.5199539151236608,UP,0.5179433226585388,0.4820566773414612
300,5,0.01,0.8,0.7,0.5,3.0,0.7075043022632599,0.5199539151236608,UP,0.5179433226585388,0.4820566773414612
200,5,0.03,0.8,1.0,0.0,1.0,0.7076711058616638,0.47340796284872233,UP,0.5140820741653442,0.48591792583465576
100,5,0.03,0.8,1.0,0.0,1.0,0.7076711058616638,0.47340796284872233,UP,0.5140820741653442,0.48591792583465576
300,5,0.03,0.8,1.0,0.0,1.0,0.7076711058616638,0.47340796284872233,UP,0.5140820741653442,0.48591792583465576
300,3,0.03,1.0,1.0,0.0,1.0,0.7076742053031921,0.4875737637359401,UP,0.5250895023345947,0.4749104976654053
200,3,0.03,1.0,1.0,0.0,1.0,0.7076742053031921,0.4875737637359401,UP,0.5250895023345947,0.4749104976654053
100,3,0.03,1.0,1.0,0.0,1.0,0.7076742053031921,0.4875737637359401,UP,0.5250895023345947,0.4749104976654053
300,5,0.03,0.8,1.0,0.0,3.0,0.7078955322504044,0.5001337498834689,UP,0.5560151934623718,0.4439848065376282
200,5,0.03,0.8,1.0,0.0,3.0,0.7078955322504044,0.5001337498834689,UP,0.5560151934623718,0.4439848065376282
100,5,0.03,0.8,1.0,0.0,3.0,0.7078955322504044,0.5001337498834689,UP,0.5560151934623718,0.4439848065376282
300,3,0.05,1.0,0.7,0.0,1.0,0.7079029083251953,0.48505475781565777,UP,0.5251575112342834,0.47484248876571655
200,3,0.05,1.0,0.7,0.0,1.0,0.7079029083251953,0.48505475781565777,UP,0.5251575112342834,0.47484248876571655
100,3,0.05,1.0,0.7,0.0,1.0,0.7079029083251953,0.48505475781565777,UP,0.5251575112342834,0.47484248876571655
100,3,0.03,0.8,1.0,0.5,1.0,0.7079543918371201,0.47157848841807537,UP,0.5331462025642395,0.4668537974357605
300,3,0.03,0.8,1.0,0.5,1.0,0.7079543918371201,0.47157848841807537,UP,0.5331462025642395,0.4668537974357605
200,3,0.03,0.8,1.0,0.5,1.0,0.7079543918371201,0.47157848841807537,UP,0.5331462025642395,0.4668537974357605
300,3,0.01,0.6,1.0,0.0,3.0,0.7079753875732422,0.4965778700041833,UP,0.5509218573570251,0.44907814264297485
200,3,0.01,0.6,1.0,0.0,3.0,0.7079753875732422,0.4965778700041833,UP,0.5509218573570251,0.44907814264297485
200,5,0.01,0.6,1.0,0.5,1.0,0.7080276608467102,0.5083442249902483,UP,0.5288995504379272,0.47110044956207275
300,5,0.01,0.6,1.0,0.5,1.0,0.7080276608467102,0.5083442249902483,UP,0.5288995504379272,0.47110044956207275
100,5,0.01,0.6,1.0,0.5,1.0,0.7080276608467102,0.5083442249902483,UP,0.5288995504379272,0.47110044956207275
200,3,0.01,0.8,0.7,0.0,3.0,0.7081720679998398,0.48520833059885016,UP,0.5285923480987549,0.4714076519012451
300,3,0.01,0.8,0.7,0.0,3.0,0.7081720679998398,0.48520833059885016,UP,0.5285923480987549,0.4714076519012451
100,3,0.01,0.8,0.7,0.0,3.0,0.7081720679998398,0.48520833059885016,UP,0.5285923480987549,0.4714076519012451
100,3,0.01,1.0,0.7,0.0,1.0,0.7081734836101532,0.4713383376899961,UP,0.5177252292633057,0.48227477073669434
100,3,0.01,1.0,0.7,0.5,1.0,0.7082113176584244,0.47286169724407845,UP,0.522318959236145,0.477681040763855
200,5,0.03,0.8,1.0,0.5,3.0,0.708227813243866,0.4802115463510888,UP,0.5281974673271179,0.4718025326728821
100,5,0.03,0.8,1.0,0.5,3.0,0.708227813243866,0.4802115463510888,UP,0.5281974673271179,0.4718025326728821
300,5,0.03,0.8,1.0,0.5,3.0,0.708227813243866,0.4802115463510888,UP,0.5281974673271179,0.4718025326728821
100,3,0.01,0.6,1.0,0.0,3.0,0.7082660049200058,0.4922675251765971,UP,0.5525150895118713,0.44748491048812866
300,3,0.01,0.8,0.7,0.5,3.0,0.7083680927753448,0.4808979857712639,UP,0.5283031463623047,0.4716968536376953
200,3,0.01,0.8,0.7,0.5,3.0,0.7083680927753448,0.4808979857712639,UP,0.5283031463623047,0.4716968536376953
100,3,0.01,0.8,0.7,0.5,3.0,0.7083680927753448,0.4808979857712639,UP,0.5283031463623047,0.4716968536376953
100,5,0.01,0.6,1.0,0.5,3.0,0.7083899080753326,0.4844899397942524,UP,0.5213112831115723,0.47868871688842773
200,5,0.01,0.6,1.0,0.5,3.0,0.7083899080753326,0.4844899397942524,UP,0.5213112831115723,0.47868871688842773
300,5,0.01,0.6,1.0,0.5,3.0,0.7083899080753326,0.4844899397942524,UP,0.5213112831115723,0.47868871688842773
100,3,0.01,0.6,0.7,0.5,3.0,0.7084475010633469,0.5134883978822816,UP,0.5366531014442444,0.4633468985557556
200,3,0.03,1.0,1.0,0.5,3.0,0.708447739481926,0.5124504932334581,UP,0.5249873995780945,0.4750126004219055
100,3,0.03,1.0,1.0,0.5,3.0,0.708447739481926,0.5124504932334581,UP,0.5249873995780945,0.4750126004219055
300,3,0.03,1.0,1.0,0.5,3.0,0.708447739481926,0.5124504932334581,UP,0.5249873995780945,0.4750126004219055
300,3,0.03,1.0,1.0,0.5,1.0,0.7085123807191849,0.49163880438634655,UP,0.5249873995780945,0.4750126004219055
100,3,0.03,1.0,1.0,0.5,1.0,0.7085123807191849,0.49163880438634655,UP,0.5249873995780945,0.4750126004219055
200,3,0.03,1.0,1.0,0.5,1.0,0.7085123807191849,0.49163880438634655,UP,0.5249873995780945,0.4750126004219055
200,3,0.01,0.6,1.0,0.5,3.0,0.708519920706749,0.4867739484355559,UP,0.551503598690033,0.44849640130996704
300,3,0.01,0.6,1.0,0.5,3.0,0.708519920706749,0.4867739484355559,UP,0.551503598690033,0.44849640130996704
300,5,0.01,0.8,0.7,0.0,3.0,0.7085225433111191,0.5115177189462833,UP,0.5179223418235779,0.4820776581764221
200,5,0.01,0.8,0.7,0.0,3.0,0.7085225433111191,0.5115177189462833,UP,0.5179223418235779,0.4820776581764221
100,5,0.01,0.8,0.7,0.0,3.0,0.7085225433111191,0.5115177189462833,UP,0.5179223418235779,0.4820776581764221
100,5,0.01,0.6,1.0,0.0,3.0,0.7086251378059387,0.4682606978872289,UP,0.5199316143989563,0.4800683856010437
200,5,0.01,0.6,1.0,0.0,3.0,0.7086251378059387,0.4682606978872289,UP,0.5199316143989563,0.4800683856010437
300,5,0.01,0.6,1.0,0.0,3.0,0.7086251378059387,0.4682606978872289,UP,0.5199316143989563,0.4800683856010437
100,3,0.01,1.0,0.7,0.0,3.0,0.7086338549852371,0.47285963586443824,UP,0.5241212248802185,0.4758787751197815
200,3,0.01,1.0,0.7,0.0,3.0,0.7086338549852371,0.47285963586443824,UP,0.5241212248802185,0.4758787751197815
300,3,0.01,1.0,0.7,0.0,3.0,0.7086338549852371,0.47285963586443824,UP,0.5241212248802185,0.4758787751197815
200,7,0.05,1.0,0.7,0.5,3.0,0.7086557447910309,0.5032691083161608,DOWN,0.47664669156074524,0.5233533382415771
100,7,0.05,1.0,0.7,0.5,3.0,0.7086557447910309,0.5032691083161608,DOWN,0.47664669156074524,0.5233533382415771
300,7,0.05,1.0,0.7,0.5,3.0,0.7086557447910309,0.5032691083161608,DOWN,0.47664669156074524,0.5233533382415771
200,5,0.01,1.0,0.7,0.0,1.0,0.7086566537618637,0.46932024702227393,UP,0.5218396782875061,0.4781603217124939
100,5,0.01,1.0,0.7,0.0,1.0,0.7086566537618637,0.46932024702227393,UP,0.5218396782875061,0.4781603217124939
300,5,0.01,1.0,0.7,0.0,1.0,0.7086566537618637,0.46932024702227393,UP,0.5218396782875061,0.4781603217124939
200,3,0.05,1.0,1.0,0.5,1.0,0.708745151758194,0.496724227958635,UP,0.5249873995780945,0.4750126004219055
100,3,0.05,1.0,1.0,0.5,1.0,0.708745151758194,0.496724227958635,UP,0.5249873995780945,0.4750126004219055
300,3,0.05,1.0,1.0,0.5,1.0,0.708745151758194,0.496724227958635,UP,0.5249873995780945,0.4750126004219055
300,5,0.05,0.8,1.0,0.0,1.0,0.7087489813566208,0.49538020843324715,UP,0.5277637839317322,0.4722362160682678
100,5,0.05,0.8,1.0,0.0,1.0,0.7087489813566208,0.49538020843324715,UP,0.5277637839317322,0.4722362160682678
200,5,0.05,0.8,1.0,0.0,1.0,0.7087489813566208,0.49538020843324715,UP,0.5277637839317322,0.4722362160682678
200,7,0.01,1.0,0.7,0.0,3.0,0.7087579518556595,0.4737408756606091,UP,0.5255290269851685,0.47447097301483154
100,7,0.01,1.0,0.7,0.0,3.0,0.7087579518556595,0.4737408756606091,UP,0.5255290269851685,0.47447097301483154
300,7,0.01,1.0,0.7,0.0,3.0,0.7087579518556595,0.4737408756606091,UP,0.5255290269851685,0.47447097301483154
100,3,0.01,0.8,0.7,0.0,1.0,0.7087676972150803,0.4931611332506089,UP,0.5180176496505737,0.48198235034942627
300,3,0.01,0.8,0.7,0.0,1.0,0.7087676972150803,0.4931611332506089,UP,0.5180176496505737,0.48198235034942627
200,3,0.01,0.8,0.7,0.0,1.0,0.7087676972150803,0.4931611332506089,UP,0.5180176496505737,0.48198235034942627
200,7,0.01,0.8,0.7,0.5,3.0,0.708803728222847,0.48899199292837403,UP,0.5156661868095398,0.4843338131904602
300,7,0.01,0.8,0.7,0.5,3.0,0.708803728222847,0.48899199292837403,UP,0.5156661868095398,0.4843338131904602
100,7,0.01,0.8,0.7,0.5,3.0,0.708803728222847,0.48899199292837403,UP,0.5156661868095398,0.4843338131904602
200,7,0.01,1.0,0.7,0.5,3.0,0.7088501453399658,0.4758960480744021,UP,0.5243038535118103,0.4756961464881897
300,7,0.01,1.0,0.7,0.5,3.0,0.7088501453399658,0.4758960480744021,UP,0.5243038535118103,0.4756961464881897
100,7,0.01,1.0,0.7,0.5,3.0,0.7088501453399658,0.4758960480744021,UP,0.5243038535118103,0.4756961464881897
100,3,0.01,1.0,0.7,0.5,3.0,0.70885269343853,0.4769184923759242,UP,0.5251305103302002,0.4748694896697998
100,5,0.01,1.0,0.7,0.5,3.0,0.7088748067617416,0.4886003307967426,UP,0.5265089273452759,0.4734910726547241
300,5,0.01,1.0,0.7,0.5,3.0,0.7088748067617416,0.4886003307967426,UP,0.5265089273452759,0.4734910726547241
200,5,0.01,1.0,0.7,0.5,3.0,0.7088748067617416,0.4886003307967426,UP,0.5265089273452759,0.4734910726547241
300,3,0.01,0.6,1.0,0.5,1.0,0.7088867276906967,0.49747147807819514,UP,0.5419225096702576,0.45807749032974243
200,3,0.01,0.6,1.0,0.5,1.0,0.7088867276906967,0.49747147807819514,UP,0.5419225096702576,0.45807749032974243
100,3,0.01,0.6,1.0,0.5,1.0,0.7088867276906967,0.49747147807819514,UP,0.5419225096702576,0.45807749032974243
100,5,0.01,0.8,0.7,0.5,1.0,0.7088906168937683,0.5033278576359055,UP,0.5186524987220764,0.4813475012779236
200,5,0.01,0.8,0.7,0.5,1.0,0.7088906168937683,0.5033278576359055,UP,0.5186524987220764,0.4813475012779236
300,5,0.01,0.8,0.7,0.5,1.0,0.7088906168937683,0.5033278576359055,UP,0.5186524987220764,0.4813475012779236
300,3,0.03,0.6,1.0,0.0,3.0,0.7089616507291794,0.4844858170349721,UP,0.570213794708252,0.42978620529174805
100,3,0.03,0.6,1.0,0.0,3.0,0.7089616507291794,0.4844858170349721,UP,0.570213794708252,0.42978620529174805
200,3,0.03,0.6,1.0,0.0,3.0,0.7089616507291794,0.4844858170349721,UP,0.570213794708252,0.42978620529174805
200,3,0.01,0.6,1.0,0.0,1.0,0.7090294361114502,0.49430004550180034,UP,0.5370573401451111,0.4629426598548889
100,3,0.01,0.6,1.0,0.0,1.0,0.7090294361114502,0.49430004550180034,UP,0.5370573401451111,0.4629426598548889
300,3,0.01,0.6,1.0,0.0,1.0,0.7090294361114502,0.49430004550180034,UP,0.5370573401451111,0.4629426598548889
300,5,0.01,0.8,0.7,0.0,1.0,0.7091786414384842,0.4884148066291277,UP,0.5100942254066467,0.48990577459335327
100,5,0.01,0.8,0.7,0.0,1.0,0.7091786414384842,0.4884148066291277,UP,0.5100942254066467,0.48990577459335327
200,5,0.01,0.8,0.7,0.0,1.0,0.7091786414384842,0.4884148066291277,UP,0.5100942254066467,0.48990577459335327
200,5,0.05,0.8,1.0,0.5,3.0,0.7091852873563766,0.4744118547334829,UP,0.5267353057861328,0.4732646942138672
100,5,0.05,0.8,1.0,0.5,3.0,0.7091852873563766,0.4744118547334829,UP,0.5267353057861328,0.4732646942138672
300,5,0.05,0.8,1.0,0.5,3.0,0.7091852873563766,0.4744118547334829,UP,0.5267353057861328,0.4732646942138672
100,5,0.05,1.0,0.7,0.5,3.0,0.7092351019382477,0.48156793415431776,DOWN,0.46355026960372925,0.5364497303962708
300,5,0.05,1.0,0.7,0.5,3.0,0.7092351019382477,0.48156793415431776,DOWN,0.46355026960372925,0.5364497303962708
200,5,0.05,1.0,0.7,0.5,3.0,0.7092351019382477,0.48156793415431776,DOWN,0.46355026960372925,0.5364497303962708
100,3,0.03,0.6,1.0,0.5,3.0,0.7093057185411453,0.48613389005728447,UP,0.5786585211753845,0.4213414788246155
300,3,0.03,0.6,1.0,0.5,3.0,0.7093057185411453,0.48613389005728447,UP,0.5786585211753845,0.4213414788246155
200,3,0.03,0.6,1.0,0.5,3.0,0.7093057185411453,0.48613389005728447,UP,0.5786585211753845,0.4213414788246155
300,5,0.01,1.0,0.7,0.0,3.0,0.7093193233013153,0.487584070634141,UP,0.5246660113334656,0.4753339886665344
200,5,0.01,1.0,0.7,0.0,3.0,0.7093193233013153,0.487584070634141,UP,0.5246660113334656,0.4753339886665344
100,5,0.01,1.0,0.7,0.0,3.0,0.7093193233013153,0.487584070634141,UP,0.5246660113334656,0.4753339886665344
200,5,0.03,1.0,0.7,0.0,3.0,0.7093454152345657,0.4745942868316376,UP,0.5291305780410767,0.47086942195892334
100,5,0.03,1.0,0.7,0.0,3.0,0.7093454152345657,0.4745942868316376,UP,0.5291305780410767,0.47086942195892334
300,5,0.03,1.0,0.7,0.0,3.0,0.7093454152345657,0.4745942868316376,UP,0.5291305780410767,0.47086942195892334
100,3,0.01,0.6,1.0,0.5,3.0,0.7093527764081955,0.4853371668263605,UP,0.553285539150238,0.44671446084976196
100,5,0.01,1.0,0.7,0.5,1.0,0.7095032185316086,0.48149887793637214,UP,0.5285412669181824,0.4714587330818176
300,5,0.01,1.0,0.7,0.5,1.0,0.7095032185316086,0.48149887793637214,UP,0.5285412669181824,0.4714587330818176
200,5,0.01,1.0,0.7,0.5,1.0,0.7095032185316086,0.48149887793637214,UP,0.5285412669181824,0.4714587330818176
100,7,0.03,1.0,0.7,0.0,1.0,0.7095056772232056,0.4784686498653288,UP,0.515539288520813,0.484460711479187
200,7,0.03,1.0,0.7,0.0,1.0,0.7095056772232056,0.4784686498653288,UP,0.515539288520813,0.484460711479187
300,7,0.03,1.0,0.7,0.0,1.0,0.7095056772232056,0.4784686498653288,UP,0.515539288520813,0.484460711479187
100,5,0.01,0.8,1.0,0.0,1.0,0.7095378637313843,0.4840384976530562,UP,0.5213543772697449,0.4786456227302551
300,3,0.03,1.0,1.0,0.0,3.0,0.709656298160553,0.5033123972886042,UP,0.5250773429870605,0.47492265701293945
200,3,0.03,1.0,1.0,0.0,3.0,0.709656298160553,0.5033123972886042,UP,0.5250773429870605,0.47492265701293945
100,3,0.03,1.0,1.0,0.0,3.0,0.709656298160553,0.5033123972886042,UP,0.5250773429870605,0.47492265701293945
100,3,0.05,1.0,1.0,0.5,3.0,0.7098065912723541,0.5114424785894173,UP,0.5249873995780945,0.4750126004219055
300,3,0.05,1.0,1.0,0.5,3.0,0.7098065912723541,0.5114424785894173,UP,0.5249873995780945,0.4750126004219055
200,3,0.05,1.0,1.0,0.5,3.0,0.7098065912723541,0.5114424785894173,UP,0.5249873995780945,0.4750126004219055
300,7,0.03,1.0,0.7,0.5,1.0,0.7098467648029327,0.4733873490523206,UP,0.517039954662323,0.482960045337677
200,7,0.03,1.0,0.7,0.5,1.0,0.7098467648029327,0.4733873490523206,UP,0.517039954662323,0.482960045337677
100,7,0.03,1.0,0.7,0.5,1.0,0.7098467648029327,0.4733873490523206,UP,0.517039954662323,0.482960045337677
200,3,0.05,1.0,1.0,0.0,1.0,0.7099020183086395,0.4845291060074156,UP,0.5251575112342834,0.47484248876571655
300,3,0.05,1.0,1.0,0.0,1.0,0.7099020183086395,0.4845291060074156,UP,0.5251575112342834,0.47484248876571655
100,3,0.05,1.0,1.0,0.0,1.0,0.7099020183086395,0.4845291060074156,UP,0.5251575112342834,0.47484248876571655
100,7,0.01,1.0,0.7,0.5,1.0,0.7099362462759018,0.4754033783404026,UP,0.5223394632339478,0.47766053676605225
200,7,0.01,1.0,0.7,0.5,1.0,0.7099362462759018,0.4754033783404026,UP,0.5223394632339478,0.47766053676605225
300,7,0.01,1.0,0.7,0.5,1.0,0.7099362462759018,0.4754033783404026,UP,0.5223394632339478,0.47766053676605225
100,5,0.03,1.0,0.7,0.5,1.0,0.7100449204444885,0.47388826430488085,UP,0.517039954662323,0.482960045337677
200,5,0.03,1.0,0.7,0.5,1.0,0.7100449204444885,0.47388826430488085,UP,0.517039954662323,0.482960045337677
300,5,0.03,1.0,0.7,0.5,1.0,0.7100449204444885,0.47388826430488085,UP,0.517039954662323,0.482960045337677
200,7,0.01,1.0,0.7,0.0,1.0,0.7101458013057709,0.4622084872637028,UP,0.5218396782875061,0.4781603217124939
300,7,0.01,1.0,0.7,0.0,1.0,0.7101458013057709,0.4622084872637028,UP,0.5218396782875061,0.4781603217124939
100,7,0.01,1.0,0.7,0.0,1.0,0.7101458013057709,0.4622084872637028,UP,0.5218396782875061,0.4781603217124939
300,7,0.03,0.8,1.0,0.5,1.0,0.710172101855278,0.4800023163176119,UP,0.5270403623580933,0.47295963764190674
200,7,0.03,0.8,1.0,0.5,1.0,0.710172101855278,0.4800023163176119,UP,0.5270403623580933,0.47295963764190674
100,7,0.03,0.8,1.0,0.5,1.0,0.710172101855278,0.4800023163176119,UP,0.5270403623580933,0.47295963764190674
200,7,0.05,0.8,1.0,0.5,1.0,0.7108070254325867,0.47856553470841656,UP,0.5284084677696228,0.4715915322303772
100,7,0.05,0.8,1.0,0.5,1.0,0.7108070254325867,0.47856553470841656,UP,0.5284084677696228,0.4715915322303772
300,7,0.05,0.8,1.0,0.5,1.0,0.7108070254325867,0.47856553470841656,UP,0.5284084677696228,0.4715915322303772
300,3,0.01,0.8,1.0,0.5,1.0,0.7109670639038086,0.49969879877939394,UP,0.5280714631080627,0.47192853689193726
100,3,0.01,0.8,1.0,0.5,1.0,0.7109670639038086,0.49969879877939394,UP,0.5280714631080627,0.47192853689193726
200,3,0.01,0.8,1.0,0.5,1.0,0.7109670639038086,0.49969879877939394,UP,0.5280714631080627,0.47192853689193726
100,5,0.03,1.0,0.7,0.0,1.0,0.7111044824123383,0.45966062202845814,UP,0.515539288520813,0.484460711479187
300,5,0.03,1.0,0.7,0.0,1.0,0.7111044824123383,0.45966062202845814,UP,0.515539288520813,0.484460711479187
200,5,0.03,1.0,0.7,0.0,1.0,0.7111044824123383,0.45966062202845814,UP,0.515539288520813,0.484460711479187
200,3,0.01,0.8,1.0,0.0,3.0,0.7111226916313171,0.49335593362660457,UP,0.5364892482757568,0.46351075172424316
100,3,0.01,0.8,1.0,0.0,3.0,0.7111226916313171,0.49335593362660457,UP,0.5364892482757568,0.46351075172424316
300,3,0.01,0.8,1.0,0.0,3.0,0.7111226916313171,0.49335593362660457,UP,0.5364892482757568,0.46351075172424316
200,7,0.01,0.8,1.0,0.5,3.0,0.7111907452344894,0.4672021794420039,UP,0.5284835696220398,0.4715164303779602
300,7,0.01,0.8,1.0,0.5,3.0,0.7111907452344894,0.4672021794420039,UP,0.5284835696220398,0.4715164303779602
100,7,0.01,0.8,1.0,0.5,3.0,0.7111907452344894,0.4672021794420039,UP,0.5284835696220398,0.4715164303779602
100,5,0.05,1.0,0.7,0.0,1.0,0.7116720825433731,0.47388826430488085,UP,0.5092339515686035,0.4907660484313965
300,5,0.05,1.0,0.7,0.0,1.0,0.7116720825433731,0.47388826430488085,UP,0.5092339515686035,0.4907660484313965
200,5,0.05,1.0,0.7,0.0,1.0,0.7116720825433731,0.47388826430488085,UP,0.5092339515686035,0.4907660484313965
200,7,0.01,0.8,1.0,0.0,3.0,0.7116831839084625,0.47147645012588724,UP,0.5318609476089478,0.46813905239105225
100,7,0.01,0.8,1.0,0.0,3.0,0.7116831839084625,0.47147645012588724,UP,0.5318609476089478,0.46813905239105225
300,7,0.01,0.8,1.0,0.0,3.0,0.7116831839084625,0.47147645012588724,UP,0.5318609476089478,0.46813905239105225
100,5,0.01,0.8,1.0,0.5,3.0,0.7120629251003265,0.4662343617009461,UP,0.5235251188278198,0.4764748811721802
300,5,0.01,0.8,1.0,0.5,3.0,0.7120629251003265,0.4662343617009461,UP,0.5235251188278198,0.4764748811721802
200,5,0.01,0.8,1.0,0.5,3.0,0.7120629251003265,0.4662343617009461,UP,0.5235251188278198,0.4764748811721802
100,7,0.05,1.0,0.7,0.0,3.0,0.7123839259147644,0.4576610837774975,UP,0.516245424747467,0.48375457525253296
300,7,0.05,1.0,0.7,0.0,3.0,0.7123839259147644,0.4576610837774975,UP,0.516245424747467,0.48375457525253296
200,7,0.05,1.0,0.7,0.0,3.0,0.7123839259147644,0.4576610837774975,UP,0.516245424747467,0.48375457525253296
300,7,0.05,1.0,0.7,0.0,1.0,0.7124361395835876,0.46962017775991804,UP,0.5092339515686035,0.4907660484313965
200,7,0.05,1.0,0.7,0.0,1.0,0.7124361395835876,0.46962017775991804,UP,0.5092339515686035,0.4907660484313965
100,7,0.05,1.0,0.7,0.0,1.0,0.7124361395835876,0.46962017775991804,UP,0.5092339515686035,0.4907660484313965
100,5,0.01,0.8,1.0,0.0,3.0,0.7127117067575455,0.468634838291919,UP,0.5296010375022888,0.4703989624977112
300,5,0.01,0.8,1.0,0.0,3.0,0.7127117067575455,0.468634838291919,UP,0.5296010375022888,0.4703989624977112
200,5,0.01,0.8,1.0,0.0,3.0,0.7127117067575455,0.468634838291919,UP,0.5296010375022888,0.4703989624977112
200,3,0.01,0.8,1.0,0.5,3.0,0.7128140181303024,0.4718042094886735,UP,0.5281671285629272,0.47183287143707275
300,3,0.01,0.8,1.0,0.5,3.0,0.7128140181303024,0.4718042094886735,UP,0.5281671285629272,0.47183287143707275
100,3,0.01,0.8,1.0,0.5,3.0,0.7128140181303024,0.4718042094886735,UP,0.5281671285629272,0.47183287143707275
300,3,0.01,1.0,1.0,0.0,1.0,0.7128473669290543,0.46318351983350103,UP,0.5250214338302612,0.47497856616973877
200,3,0.01,1.0,1.0,0.0,1.0,0.7128473669290543,0.46318351983350103,UP,0.5250214338302612,0.47497856616973877
100,3,0.01,1.0,1.0,0.0,1.0,0.7128473669290543,0.46318351983350103,UP,0.5250214338302612,0.47497856616973877
200,3,0.01,1.0,1.0,0.5,3.0,0.7128690332174301,0.46014092348461666,UP,0.5249873995780945,0.4750126004219055
100,3,0.01,1.0,1.0,0.5,3.0,0.7128690332174301,0.46014092348461666,UP,0.5249873995780945,0.4750126004219055
300,3,0.01,1.0,1.0,0.5,3.0,0.7128690332174301,0.46014092348461666,UP,0.5249873995780945,0.4750126004219055
300,3,0.01,1.0,1.0,0.0,3.0,0.7128815948963165,0.459633824093136,UP,0.5250173807144165,0.4749826192855835
100,3,0.01,1.0,1.0,0.0,3.0,0.7128815948963165,0.459633824093136,UP,0.5250173807144165,0.4749826192855835
200,3,0.01,1.0,1.0,0.0,3.0,0.7128815948963165,0.459633824093136,UP,0.5250173807144165,0.4749826192855835
200,3,0.01,1.0,1.0,0.5,1.0,0.7129580080509186,0.46115512226757815,UP,0.5249873995780945,0.4750126004219055
100,3,0.01,1.0,1.0,0.5,1.0,0.7129580080509186,0.46115512226757815,UP,0.5249873995780945,0.4750126004219055
300,3,0.01,1.0,1.0,0.5,1.0,0.7129580080509186,0.46115512226757815,UP,0.5249873995780945,0.4750126004219055
100,3,0.01,0.8,1.0,0.0,1.0,0.7131799757480621,0.4718042094886735,UP,0.5213543772697449,0.4786456227302551
200,3,0.01,0.8,1.0,0.0,1.0,0.7131799757480621,0.4718042094886735,UP,0.5213543772697449,0.4786456227302551
300,3,0.01,0.8,1.0,0.0,1.0,0.7131799757480621,0.4718042094886735,UP,0.5213543772697449,0.4786456227302551
100,5,0.05,1.0,0.7,0.5,1.0,0.7133528888225555,0.47083948381707597,UP,0.5117365717887878,0.48826342821121216
200,5,0.05,1.0,0.7,0.5,1.0,0.7133528888225555,0.47083948381707597,UP,0.5117365717887878,0.48826342821121216
300,5,0.05,1.0,0.7,0.5,1.0,0.7133528888225555,0.47083948381707597,UP,0.5117365717887878,0.48826342821121216
300,7,0.01,0.8,1.0,0.0,1.0,0.7133778780698776,0.45861962531017453,UP,0.5213543772697449,0.4786456227302551
200,7,0.01,0.8,1.0,0.0,1.0,0.7133778780698776,0.45861962531017453,UP,0.5213543772697449,0.4786456227302551
100,7,0.01,0.8,1.0,0.0,1.0,0.7133778780698776,0.45861962531017453,UP,0.5213543772697449,0.4786456227302551
100,5,0.01,1.0,1.0,0.5,3.0,0.7133833467960358,0.459633824093136,UP,0.5249819159507751,0.47501808404922485
200,5,0.01,1.0,1.0,0.5,3.0,0.7133833467960358,0.459633824093136,UP,0.5249819159507751,0.47501808404922485
300,5,0.01,1.0,1.0,0.5,3.0,0.7133833467960358,0.459633824093136,UP,0.5249819159507751,0.47501808404922485
300,5,0.01,1.0,1.0,0.0,1.0,0.7134336829185486,0.46571901679090477,UP,0.5244367718696594,0.4755632281303406
100,5,0.01,1.0,1.0,0.0,1.0,0.7134336829185486,0.46571901679090477,UP,0.5244367718696594,0.4755632281303406
200,5,0.01,1.0,1.0,0.0,1.0,0.7134336829185486,0.46571901679090477,UP,0.5244367718696594,0.4755632281303406
200,5,0.01,1.0,1.0,0.5,1.0,0.7134376168251038,0.4606480228760974,UP,0.5249771475791931,0.4750228524208069
100,5,0.01,1.0,1.0,0.5,1.0,0.7134376168251038,0.4606480228760974,UP,0.5249771475791931,0.4750228524208069
300,5,0.01,1.0,1.0,0.5,1.0,0.7134376168251038,0.4606480228760974,UP,0.5249771475791931,0.4750228524208069
300,5,0.01,1.0,1.0,0.0,3.0,0.713438093662262,0.4550699295698094,UP,0.5246924161911011,0.4753075838088989
200,5,0.01,1.0,1.0,0.0,3.0,0.713438093662262,0.4550699295698094,UP,0.5246924161911011,0.4753075838088989
100,5,0.01,1.0,1.0,0.0,3.0,0.713438093662262,0.4550699295698094,UP,0.5246924161911011,0.4753075838088989
200,7,0.01,1.0,1.0,0.5,3.0,0.7134672105312347,0.45760542652721303,UP,0.5249819159507751,0.47501808404922485
300,7,0.01,1.0,1.0,0.5,3.0,0.7134672105312347,0.45760542652721303,UP,0.5249819159507751,0.47501808404922485
100,7,0.01,1.0,1.0,0.5,3.0,0.7134672105312347,0.45760542652721303,UP,0.5249819159507751,0.47501808404922485
300,7,0.01,0.8,1.0,0.5,1.0,0.7135156095027924,0.45354863139536716,UP,0.5256718397140503,0.4743281602859497
100,7,0.01,0.8,1.0,0.5,1.0,0.7135156095027924,0.45354863139536716,UP,0.5256718397140503,0.4743281602859497
200,7,0.01,0.8,1.0,0.5,1.0,0.7135156095027924,0.45354863139536716,UP,0.5256718397140503,0.4743281602859497
100,5,0.01,0.8,1.0,0.5,1.0,0.7135253101587296,0.45202733322092503,UP,0.5256718397140503,0.4743281602859497
200,5,0.01,0.8,1.0,0.5,1.0,0.7135253101587296,0.45202733322092503,UP,0.5256718397140503,0.4743281602859497
300,5,0.01,0.8,1.0,0.5,1.0,0.7135253101587296,0.45202733322092503,UP,0.5256718397140503,0.4743281602859497
200,7,0.01,1.0,1.0,0.0,3.0,0.7136001437902451,0.45760542652721303,UP,0.5246924161911011,0.4753075838088989
300,7,0.01,1.0,1.0,0.0,3.0,0.7136001437902451,0.45760542652721303,UP,0.5246924161911011,0.4753075838088989
100,7,0.01,1.0,1.0,0.0,3.0,0.7136001437902451,0.45760542652721303,UP,0.5246924161911011,0.4753075838088989
200,7,0.01,1.0,1.0,0.5,1.0,0.7137131243944168,0.46318351983350103,UP,0.5249771475791931,0.4750228524208069
100,7,0.01,1.0,1.0,0.5,1.0,0.7137131243944168,0.46318351983350103,UP,0.5249771475791931,0.4750228524208069
300,7,0.01,1.0,1.0,0.5,1.0,0.7137131243944168,0.46318351983350103,UP,0.5249771475791931,0.4750228524208069
200,7,0.01,1.0,1.0,0.0,1.0,0.7137136459350586,0.46673321557386616,UP,0.5244367718696594,0.4755632281303406
100,7,0.01,1.0,1.0,0.0,1.0,0.7137136459350586,0.46673321557386616,UP,0.5244367718696594,0.4755632281303406
300,7,0.01,1.0,1.0,0.0,1.0,0.7137136459350586,0.46673321557386616,UP,0.5244367718696594,0.4755632281303406
200,5,0.05,1.0,0.7,0.0,3.0,0.7137461006641388,0.45511115716261274,UP,0.516245424747467,0.48375457525253296
300,5,0.05,1.0,0.7,0.0,3.0,0.7137461006641388,0.45511115716261274,UP,0.516245424747467,0.48375457525253296
100,5,0.05,1.0,0.7,0.0,3.0,0.7137461006641388,0.45511115716261274,UP,0.516245424747467,0.48375457525253296
200,5,0.03,1.0,1.0,0.5,3.0,0.715008094906807,0.44999893565500215,UP,0.5249709486961365,0.4750290513038635
100,5,0.03,1.0,1.0,0.5,3.0,0.715008094906807,0.44999893565500215,UP,0.5249709486961365,0.4750290513038635
300,5,0.03,1.0,1.0,0.5,3.0,0.715008094906807,0.44999893565500215,UP,0.5249709486961365,0.4750290513038635
300,5,0.03,1.0,1.0,0.0,3.0,0.7151770293712616,0.4494918362635214,UP,0.5241024494171143,0.47589755058288574
100,5,0.03,1.0,1.0,0.0,3.0,0.7151770293712616,0.4494918362635214,UP,0.5241024494171143,0.47589755058288574
200,5,0.03,1.0,1.0,0.0,3.0,0.7151770293712616,0.4494918362635214,UP,0.5241024494171143,0.47589755058288574
300,5,0.03,1.0,1.0,0.0,1.0,0.715181291103363,0.4428995441742719,UP,0.5233352780342102,0.4766647219657898
100,5,0.03,1.0,1.0,0.0,1.0,0.715181291103363,0.4428995441742719,UP,0.5233352780342102,0.4766647219657898
200,5,0.03,1.0,1.0,0.0,1.0,0.715181291103363,0.4428995441742719,UP,0.5233352780342102,0.4766647219657898
200,5,0.03,1.0,1.0,0.5,1.0,0.7151859551668167,0.4428995441742719,UP,0.5249565839767456,0.4750434160232544
100,5,0.03,1.0,1.0,0.5,1.0,0.7151859551668167,0.4428995441742719,UP,0.5249565839767456,0.4750434160232544
300,5,0.03,1.0,1.0,0.5,1.0,0.7151859551668167,0.4428995441742719,UP,0.5249565839767456,0.4750434160232544
100,7,0.03,1.0,1.0,0.5,3.0,0.7152731269598007,0.45354863139536716,UP,0.5249709486961365,0.4750290513038635
300,7,0.03,1.0,1.0,0.5,3.0,0.7152731269598007,0.45354863139536716,UP,0.5249709486961365,0.4750290513038635
200,7,0.03,1.0,1.0,0.5,3.0,0.7152731269598007,0.45354863139536716,UP,0.5249709486961365,0.4750290513038635
100,7,0.03,1.0,1.0,0.0,3.0,0.7156770825386047,0.45202733322092503,UP,0.5241024494171143,0.47589755058288574
300,7,0.03,1.0,1.0,0.0,3.0,0.7156770825386047,0.45202733322092503,UP,0.5241024494171143,0.47589755058288574
200,7,0.03,1.0,1.0,0.0,3.0,0.7156770825386047,0.45202733322092503,UP,0.5241024494171143,0.47589755058288574
200,7,0.03,1.0,1.0,0.5,1.0,0.7160345613956451,0.44543504113167554,UP,0.5249565839767456,0.4750434160232544
300,7,0.03,1.0,1.0,0.5,1.0,0.7160345613956451,0.44543504113167554,UP,0.5249565839767456,0.4750434160232544
100,7,0.03,1.0,1.0,0.5,1.0,0.7160345613956451,0.44543504113167554,UP,0.5249565839767456,0.4750434160232544
300,7,0.03,1.0,1.0,0.0,1.0,0.716044083237648,0.4469563393061178,UP,0.5233352780342102,0.4766647219657898
200,7,0.03,1.0,1.0,0.0,1.0,0.716044083237648,0.4469563393061178,UP,0.5233352780342102,0.4766647219657898
100,7,0.03,1.0,1.0,0.0,1.0,0.716044083237648,0.4469563393061178,UP,0.5233352780342102,0.4766647219657898
200,5,0.05,1.0,1.0,0.5,3.0,0.716749981045723,0.4484776374805599,UP,0.524959921836853,0.475040078163147
100,5,0.05,1.0,1.0,0.5,3.0,0.716749981045723,0.4484776374805599,UP,0.524959921836853,0.475040078163147
300,5,0.05,1.0,1.0,0.5,3.0,0.716749981045723,0.4484776374805599,UP,0.524959921836853,0.475040078163147
200,5,0.05,1.0,1.0,0.0,3.0,0.7170393913984299,0.4494918362635214,UP,0.5235123634338379,0.4764876365661621
100,5,0.05,1.0,1.0,0.0,3.0,0.7170393913984299,0.4494918362635214,UP,0.5235123634338379,0.4764876365661621
300,5,0.05,1.0,1.0,0.0,3.0,0.7170393913984299,0.4494918362635214,UP,0.5235123634338379,0.4764876365661621
300,5,0.05,1.0,1.0,0.5,1.0,0.7170715630054474,0.44137824599982967,UP,0.5249360799789429,0.47506392002105713
100,5,0.05,1.0,1.0,0.5,1.0,0.7170715630054474,0.44137824599982967,UP,0.5249360799789429,0.47506392002105713
200,5,0.05,1.0,1.0,0.5,1.0,0.7170715630054474,0.44137824599982967,UP,0.5249360799789429,0.47506392002105713
200,5,0.05,1.0,1.0,0.0,1.0,0.7170753628015518,0.4428995441742719,UP,0.5222335457801819,0.4777664542198181
100,5,0.05,1.0,1.0,0.0,1.0,0.7170753628015518,0.4428995441742719,UP,0.5222335457801819,0.4777664542198181
300,5,0.05,1.0,1.0,0.0,1.0,0.7170753628015518,0.4428995441742719,UP,0.5222335457801819,0.4777664542198181
200,7,0.05,1.0,1.0,0.5,3.0,0.7172140628099442,0.45354863139536716,UP,0.524959921836853,0.475040078163147
300,7,0.05,1.0,1.0,0.5,3.0,0.7172140628099442,0.45354863139536716,UP,0.524959921836853,0.475040078163147
100,7,0.05,1.0,1.0,0.5,3.0,0.7172140628099442,0.45354863139536716,UP,0.524959921836853,0.475040078163147
100,7,0.05,1.0,1.0,0.0,3.0,0.7178961336612701,0.45354863139536716,UP,0.5235123634338379,0.4764876365661621
300,7,0.05,1.0,1.0,0.0,3.0,0.7178961336612701,0.45354863139536716,UP,0.5235123634338379,0.4764876365661621
200,7,0.05,1.0,1.0,0.0,3.0,0.7178961336612701,0.45354863139536716,UP,0.5235123634338379,0.4764876365661621
200,7,0.05,1.0,1.0,0.5,1.0,0.7185227870941162,0.44543504113167554,UP,0.5249360799789429,0.47506392002105713
100,7,0.05,1.0,1.0,0.5,1.0,0.7185227870941162,0.44543504113167554,UP,0.5249360799789429,0.47506392002105713
300,7,0.05,1.0,1.0,0.5,1.0,0.7185227870941162,0.44543504113167554,UP,0.5249360799789429,0.47506392002105713
100,7,0.05,1.0,1.0,0.0,1.0,0.718551754951477,0.4469563393061178,UP,0.5222335457801819,0.4777664542198181
300,7,0.05,1.0,1.0,0.0,1.0,0.718551754951477,0.4469563393061178,UP,0.5222335457801819,0.4777664542198181
200,7,0.05,1.0,1.0,0.0,1.0,0.718551754951477,0.4469563393061178,UP,0.5222335457801819,0.4777664542198181
